S.no.,Wave,AGE,NATIONALITY,GENDER,Preferred brand,Love_index,Fav flavor,wide variety,Outdoor seating,new products,VFM,cust service,healthy foods,branches across,drivethru,packaging,delivery,opens 24/7,calm place,Decorof the shopcor ,comfortable seating,app for early order ,variety of milk,saudi company,International brand,consistent,trustworthy,spacious shops,maket leader,recommended brand,quality of beans,customozition,No VAT,Brand Functionality,Innovation ,Uniqueness / Different,Price,Worth,Physical Availability,Mental Availability
8IrQADQ,2,42,Egyptian,Male,Half Million,10,1,1,1,1,1,1,1,1,1,1,1,1,1,1,1,1,1,1,1,1,1,1,1,1,1,1,1,10,10,10,10,1,5,7
aPojEYi,2,31,Saudis,Female,Half Million,4,0,0,0,1,1,1,1,0,1,0,0,0,1,0,0,0,0,1,1,1,1,0,1,1,1,1,0,4,4,4,3,0,3,4
01Swer5,2,26,Saudis,Male,Half Million,7,1,0,1,1,1,1,1,0,0,1,1,1,1,0,1,0,1,1,0,1,1,1,1,1,0,1,0,10,10,9,3,2,7,7
20fP8Af,2,31,Pakistani,Male,Half Million,8,1,1,1,1,1,1,1,1,0,1,0,1,0,1,1,1,1,1,0,1,1,0,0,1,1,1,0,6,8,9,10,1,6,6
f3xS2Bh,2,20,Saudis,Female,Half Million,10,1,1,1,0,1,1,1,1,1,1,1,1,1,1,0,0,1,1,0,1,0,1,1,1,1,1,1,9,9,10,3,1,7,7
Og9HN3n,2,23,Saudis,Female,Half Million,8,1,1,1,0,0,0,0,1,1,1,1,0,0,0,0,1,1,1,0,1,0,0,0,1,0,0,0,8,10,8,0,1,6,5
0U7RInk,2,23,Saudis,Male,Half Million,8,0,0,0,0,0,0,0,0,1,0,0,0,0,0,0,0,0,0,0,0,0,0,0,0,0,0,0,9,7,9,5,1,6,5
eyo29ex,2,23,Saudis,Male,Half Million,9,1,1,0,1,1,1,0,1,0,0,0,0,0,1,1,1,0,1,0,1,1,0,1,0,1,0,0,9,8,8,6,1,3,6
UUKJrJf,2,21,Saudis,Male,Half Million,10,1,1,1,1,1,1,1,1,1,1,1,1,1,1,1,1,1,1,1,1,1,1,1,1,1,1,1,8,8,7,0,1,6,7
FGJSEhU,2,25,Saudis,Male,Half Million,7,0,1,1,1,0,1,0,1,1,0,1,1,0,1,1,1,1,0,0,0,1,1,0,1,1,1,1,7,6,7,7,1,5,3
4QaWlJC,2,21,Saudis,Female,Half Million,9,0,0,0,0,1,1,0,0,0,0,0,0,0,0,1,0,0,0,0,1,0,1,0,0,0,0,0,8,6,10,8,1,3,5
kUPjIm8,2,18,Indian,Male,Half Million,9,1,1,1,1,0,1,1,1,1,1,1,1,1,1,1,0,1,0,1,1,1,1,1,1,1,0,0,9,9,9,5,1,5,5
UU6M3q7,2,22,Saudis,Male,Half Million,7,1,0,1,0,0,1,0,0,0,0,0,0,0,1,1,0,0,1,0,1,1,1,1,0,0,0,0,7,7,6,5,1,4,4
ndm24mI,2,25,Saudis,Female,Half Million,10,0,0,0,0,1,0,0,0,1,0,0,0,1,1,1,0,1,0,1,0,0,0,0,0,0,0,0,3,10,4,10,0,5,7
QK3UR0s,2,45,Saudis,Male,Half Million,5,0,1,0,1,1,1,0,1,0,1,1,1,1,1,1,0,0,1,1,1,1,1,1,0,1,1,1,5,5,5,1,9,4,5
xRkPdyt,2,40,Saudis,Female,Half Million,10,1,1,1,1,1,1,0,0,1,1,1,0,0,1,1,1,0,1,0,1,1,0,0,1,1,0,0,10,10,10,2,1,1,1
3Wgn7c9,2,19,Saudis,Male,Half Million,6,1,1,1,0,1,1,0,1,1,0,1,0,1,1,0,1,0,0,1,1,1,1,1,0,1,1,0,6,5,6,3,1,4,6
BhAJC8O,2,33,Saudis,Female,Half Million,7,0,0,0,0,0,0,0,0,1,0,0,0,0,0,0,0,0,1,1,0,0,0,0,0,0,0,1,9,7,10,7,1,4,5
3rUn6iN,2,35,Saudis,Male,Half Million,10,1,1,1,1,1,1,1,1,1,1,1,1,1,1,1,1,1,1,1,1,1,1,1,1,1,1,1,10,10,10,0,2,7,7
3wjRR7O,2,33,Egyptian,Male,Half Million,5,0,0,0,0,0,0,0,0,0,0,0,0,0,0,0,0,0,0,0,0,0,0,0,0,0,0,0,5,5,6,8,1,5,5
XNiAcCB,2,35,Saudis,Male,Half Million,10,1,1,1,1,1,1,1,1,1,1,1,1,1,1,1,1,1,1,1,1,1,1,1,1,1,1,1,10,10,10,3,2,7,7
l7wnoBy,2,28,Saudis,Male,Half Million,4,0,0,1,0,0,0,1,1,0,1,1,0,1,0,1,1,0,0,1,1,0,1,0,1,1,1,0,10,10,10,7,0,7,7
MX9woTR,2,19,Saudis,Male,Half Million,10,1,1,1,1,1,1,0,1,1,1,1,1,1,1,1,0,1,1,0,1,1,1,1,1,1,1,1,7,10,10,1,1,7,7
Id2Glw5,2,19,Saudis,Male,Half Million,10,1,1,1,1,1,1,1,1,1,1,1,1,1,1,1,1,0,1,0,1,1,1,1,1,1,1,1,7,10,10,4,1,7,7
F7U4Yn4,2,38,Pakistani,Male,Half Million,9,1,1,1,1,1,1,1,1,1,1,1,0,1,1,1,0,1,0,1,1,1,1,1,1,1,1,0,9,8,9,7,2,6,6
EEPy3CJ,2,40,Egyptian,Male,Half Million,10,1,0,0,0,1,1,0,0,0,0,0,1,0,1,0,0,0,0,0,1,1,0,1,0,0,0,0,10,10,10,7,1,4,6
gGRpXAG,2,27,Saudis,Female,Half Million,1,1,0,0,0,0,0,0,0,0,0,0,0,1,0,1,0,0,0,1,0,1,0,0,1,0,0,0,5,4,6,2,1,3,4
DuHFbkU,2,28,Saudis,Female,Half Million,10,1,1,1,1,1,1,1,1,1,1,1,1,1,1,1,1,1,1,1,1,1,1,1,1,1,1,1,10,10,10,10,0,7,7
DHsHEzm,2,35,Saudis,Male,Half Million,10,1,1,1,1,1,1,1,1,1,1,1,1,1,1,1,1,1,1,1,1,1,1,1,1,1,1,1,10,10,10,2,1,6,7
tDYE6uq,2,32,Saudis,Male,Half Million,3,1,0,0,0,1,1,0,0,0,0,0,0,1,0,0,0,1,0,0,1,0,0,0,0,1,1,0,4,0,7,3,2,4,5
67C9DCJ,2,31,Saudis,Female,Half Million,8,0,0,0,0,0,0,0,0,0,0,0,1,0,0,0,0,0,0,0,0,0,0,0,0,0,0,0,8,8,9,3,0,5,4
3MX8Wle,2,19,Saudis,Male,Half Million,7,1,1,1,1,1,1,1,1,0,1,1,0,1,1,1,0,1,1,0,1,1,1,1,1,1,1,0,8,9,6,3,2,7,6
QLHsgMp,2,41,Saudis,Male,Half Million,8,0,0,0,0,0,0,0,0,0,0,0,0,0,0,0,0,0,0,0,0,0,0,0,0,0,0,0,8,8,8,7,0,3,5
CLsaYOC,2,26,Saudis,Female,Half Million,5,0,0,0,0,0,1,0,0,0,0,0,0,0,1,0,0,0,0,0,0,0,0,0,0,1,0,0,5,5,5,5,1,4,3
vnNXnNm,2,20,Saudis,Female,Half Million,10,1,1,1,1,0,1,1,1,1,1,1,0,0,1,1,1,1,1,1,1,1,1,1,0,1,1,1,9,7,9,5,2,6,6
ajML1UQ,2,30,Saudis,Female,Half Million,8,0,0,0,0,0,0,1,1,1,1,1,0,1,0,0,0,1,1,1,1,1,0,0,1,1,1,1,8,8,8,8,1,5,4
NgHAY9B,2,27,Saudis,Female,Half Million,7,1,1,1,1,1,1,1,1,0,1,1,1,1,1,1,1,1,0,1,0,1,1,0,1,1,0,1,8,9,8,7,1,5,5
YZkbkh1,2,28,Saudis,Male,Half Million,7,1,1,1,1,0,1,1,1,1,1,1,1,1,1,1,1,1,1,1,1,1,1,1,1,1,1,1,7,7,7,6,1,5,4
TwOmHdN,2,36,Saudis,Male,Half Million,10,1,1,1,1,0,1,1,1,1,1,1,1,1,1,1,1,1,1,0,1,1,1,1,1,1,1,1,10,10,10,3,1,7,7
jR5KZnf,2,28,Saudis,Female,Half Million,7,1,1,1,1,1,1,1,1,1,1,1,1,1,1,1,1,1,1,1,1,1,1,1,1,1,1,1,8,9,10,9,1,6,5
xlOPfPW,2,30,Saudis,Male,Half Million,10,1,1,1,1,1,1,1,1,1,1,1,1,1,1,1,1,1,1,1,1,1,1,1,1,1,1,1,10,10,10,0,1,4,5
CKS8xlk,2,32,Saudis,Female,Half Million,10,1,1,1,1,1,1,1,1,0,1,1,0,1,1,1,0,0,1,0,1,1,1,1,1,1,1,0,9,9,9,5,1,6,5
mIF4ZT3,2,26,Saudis,Male,Half Million,10,1,1,0,1,1,1,0,0,0,1,1,1,0,1,1,0,1,1,0,1,1,1,0,1,1,1,1,10,10,10,0,2,2,3
yTnmzmw,2,18,Saudis,Male,Half Million,9,1,1,1,1,1,1,1,1,1,1,1,1,0,1,1,1,1,0,1,1,1,1,0,1,1,1,0,10,9,5,2,2,6,6
FfpoFMS,2,35,Saudis,Female,Half Million,10,0,0,0,0,0,1,0,0,0,1,1,0,0,0,1,0,0,0,0,0,0,0,0,0,1,1,0,10,10,8,6,1,7,7
cePAVao,2,23,Saudis,Male,Half Million,10,1,1,1,0,0,1,0,0,0,1,0,1,0,1,1,0,0,0,1,1,1,1,1,1,1,0,0,10,9,9,7,0,5,7
OC6MaOr,2,37,Saudis,Female,Half Million,5,0,1,1,0,0,1,1,1,0,1,0,0,1,0,0,0,0,1,0,1,1,0,1,1,1,0,1,5,4,5,7,1,5,4
T05vkU1,2,26,Saudis,Male,Half Million,10,0,1,1,1,1,1,1,0,1,0,0,0,0,0,1,0,1,1,0,0,1,0,1,1,1,0,0,9,10,10,10,1,7,6
A7eXhQJ,2,45,Philippines,Male,Half Million,9,0,0,1,0,0,0,0,0,0,0,0,0,0,0,0,0,0,0,0,0,0,0,0,0,0,0,0,8,3,5,7,2,3,3
7m9cLux,2,30,Saudis,Male,Half Million,6,1,1,1,1,0,0,0,1,0,1,1,0,0,1,1,1,1,1,0,0,0,1,1,1,1,0,0,6,5,6,4,0,4,4
kztA6kQ,2,27,Saudis,Male,Half Million,5,1,1,1,1,1,1,1,1,1,1,1,1,1,1,1,1,1,1,1,1,1,1,1,1,1,1,1,5,5,5,4,0,4,4
ivXOfV5,2,22,Saudis,Male,Half Million,7,0,0,0,0,0,0,0,0,0,0,0,0,0,0,0,1,0,0,1,0,0,0,0,0,1,0,0,5,2,10,5,2,7,6
aZEa4iN,2,28,Saudis,Female,Half Million,6,0,0,0,0,0,0,1,0,1,1,0,0,0,1,1,0,0,1,0,0,0,1,1,1,1,1,0,5,4,5,4,1,4,5
9HwGVZz,2,38,Saudis,Female,Half Million,10,1,1,1,1,1,1,0,0,1,1,1,0,1,1,1,0,0,1,0,1,1,1,1,1,1,0,0,10,10,10,2,9,1,1
utBw6mu,2,41,Egyptian,Male,Half Million,10,1,0,0,1,1,1,1,1,0,1,0,0,1,0,0,0,1,0,0,1,1,1,0,1,0,0,0,10,10,10,6,1,5,7
knpVvl8,2,41,Egyptian,Male,Half Million,10,1,1,1,1,1,1,1,1,1,1,1,1,1,1,1,1,1,1,1,1,1,1,1,1,1,1,1,10,10,10,8,2,6,6
Yy9Xi9w,2,30,Saudis,Male,Half Million,8,1,1,0,1,1,1,0,1,1,1,1,1,1,1,1,1,0,1,1,1,1,1,1,1,1,1,1,9,8,8,6,1,5,5
otaqVuU,2,19,Saudis,Female,Half Million,10,1,1,1,1,1,0,1,1,1,1,1,1,0,1,1,1,1,1,0,1,1,1,1,1,1,0,0,10,10,10,8,1,7,7
c6t7Qq9,2,29,Saudis,Female,Half Million,10,1,1,0,1,0,1,1,0,0,1,0,1,0,0,0,0,1,1,0,1,1,0,0,1,0,0,0,10,10,10,7,1,3,7
vvqPfSd,2,16,Syrian,Male,Half Million,6,0,0,1,1,0,1,0,1,1,1,0,1,1,1,1,1,0,0,0,0,1,1,0,0,0,1,1,1,99,99,99,2,7,2
9tPWtvu,2,19,Saudis,Male,Half Million,10,1,1,1,1,1,1,1,1,1,1,1,1,1,1,1,1,1,1,0,1,1,1,1,1,1,1,1,10,10,10,0,2,7,7
9aRVR4Y,2,21,Saudis,Female,Half Million,6,0,0,0,0,0,1,0,0,0,0,0,1,0,0,1,1,0,1,0,1,1,0,1,0,1,1,0,6,5,8,2,1,6,5
QKLtVe8,2,30,Saudis,Female,Half Million,10,0,0,0,0,0,1,0,0,1,1,1,1,0,1,0,0,0,1,0,0,0,0,0,0,0,0,0,7,6,6,0,1,2,6
7cWGXPS,2,40,Saudis,Female,Half Million,10,0,0,0,0,0,0,0,0,0,0,0,0,0,0,0,0,0,0,0,0,0,0,0,0,0,0,0,10,10,10,1,1,1,1
H8IEfBE,2,19,Saudis,Female,Half Million,6,0,0,0,0,0,0,0,0,1,0,0,0,0,0,0,0,1,0,0,0,0,1,0,0,0,0,0,7,5,99,8,0,4,7
6nYfkry,2,59,Saudis,Female,Half Million,10,0,0,0,0,0,0,0,0,0,0,0,0,0,0,0,0,0,0,0,0,1,0,0,0,0,0,0,10,10,10,10,2,7,7
CPYEm3F,2,34,Saudis,Male,Half Million,10,1,1,1,1,1,1,1,1,1,0,1,1,1,0,1,1,1,0,0,1,0,1,1,1,1,1,1,10,10,9,10,2,7,7
GPYeAUo,2,35,Saudis,Female,Half Million,10,0,1,0,0,1,0,0,0,1,0,0,0,0,0,0,0,0,0,0,0,0,0,0,0,1,0,0,8,8,10,3,1,6,5
GMpnWxP,2,35,Saudis,Female,Half Million,2,0,1,0,0,0,1,0,0,1,1,0,0,1,0,1,0,0,1,0,1,0,1,0,1,1,0,0,1,2,2,1,1,3,3
F9cvNjT,2,27,Saudis,Female,Half Million,8,0,0,0,0,0,0,0,0,0,0,0,0,1,0,0,0,0,1,0,0,0,0,0,0,0,0,0,9,9,9,10,0,3,5
ZHnd8RV,2,29,Saudis,Female,Half Million,8,1,1,1,1,1,1,1,1,1,1,1,1,1,1,1,1,1,1,1,1,1,0,1,1,1,1,1,9,9,9,5,1,4,3
kXIxVzq,2,57,Saudis,Male,Half Million,9,1,0,0,1,1,0,0,0,1,1,0,0,0,0,0,0,1,1,0,1,1,0,1,1,1,1,0,8,8,8,6,1,2,2
B1pnB1U,2,29,Saudis,Female,Half Million,10,1,0,0,1,1,0,1,0,0,0,0,0,0,0,0,0,0,0,1,0,0,0,0,0,0,0,0,10,8,9,10,0,6,6
2aiIcEo,2,36,Saudis,Female,Half Million,10,1,1,1,1,1,1,1,1,1,1,1,1,1,1,1,1,1,1,1,1,0,1,1,0,1,1,1,10,10,10,10,1,4,5
iRwJw1m,2,31,Saudis,Female,Half Million,10,1,1,1,1,1,1,1,0,1,1,1,1,1,1,1,1,1,1,1,1,1,1,1,1,1,1,0,10,10,10,7,1,5,7
fUWvD3E,2,23,Saudis,Male,Half Million,10,1,0,0,0,0,1,0,1,1,1,1,0,0,1,1,0,0,1,0,1,1,1,1,1,0,1,0,10,10,9,5,1,7,6
61XU4Aa,2,26,Saudis,Male,Half Million,8,0,1,1,0,0,1,0,0,0,1,1,1,0,1,1,1,1,1,0,1,1,1,1,1,0,1,0,10,10,8,0,1,5,7
zlwERkb,3,47,Saudis,Female,Half Million,2,1,1,1,1,1,1,0,1,1,1,1,0,0,1,0,1,1,1,0,1,1,1,1,1,1,1,1,4,4,10,3,2,3,1
j9Yg29Z,3,22,Saudis,Male,Half Million,10,0,0,1,1,0,1,1,1,1,0,0,1,1,1,1,0,1,1,1,1,0,0,1,1,1,1,1,9,10,3,10,2,7,5
cy4wivU,3,34,Egyptian,Male,Half Million,10,1,1,1,1,0,1,0,0,1,1,1,1,1,1,1,1,0,1,0,1,1,1,0,1,0,1,0,9,8,10,3,1,4,5
vwXDJf7,3,22,Saudis,Female,Half Million,10,1,1,0,1,1,0,0,0,1,1,1,0,0,1,0,0,0,1,0,1,1,0,1,1,1,1,0,10,10,10,1,2,4,5
oeCLQa9,3,33,Saudis,Female,Half Million,10,1,1,0,0,0,1,0,0,0,1,1,1,1,1,1,0,1,1,0,0,1,1,1,1,1,1,0,9,10,9,5,1,5,6
cAO3iny,3,41,Saudis,Male,Half Million,10,1,1,1,1,1,1,1,1,1,1,1,1,1,1,1,1,1,1,1,1,1,1,1,1,1,1,1,10,10,10,10,1,7,7
6EHPeEb,3,27,Saudis,Female,Half Million,4,1,1,1,1,1,1,1,1,1,1,1,1,1,1,1,1,1,1,1,1,1,1,0,0,1,0,1,4,4,5,8,1,5,4
E1mrZQ8,3,25,Saudis,Male,Half Million,9,1,1,1,1,0,0,1,1,0,1,1,1,1,0,1,0,1,1,1,0,0,1,1,1,0,0,1,8,4,8,2,1,3,3
SSSFaTn,3,25,Saudis,Male,Half Million,7,0,0,1,1,0,0,1,1,0,1,0,0,0,0,0,0,1,1,0,0,0,0,0,0,0,1,0,10,8,9,8,1,4,5
O4h9Oox,3,27,Saudis,Male,Half Million,6,0,0,0,0,0,0,0,0,0,0,0,0,0,0,0,0,0,0,0,0,0,0,0,0,0,0,0,7,7,7,8,2,6,5
XM6dM4x,3,26,Saudis,Female,Half Million,3,1,1,1,1,1,1,1,1,1,1,1,1,1,1,1,1,1,1,1,1,1,1,1,1,1,1,1,9,2,9,3,9,4,3
duWZlW2,3,26,Saudis,Female,Half Million,10,0,0,0,0,0,0,0,0,1,1,0,0,0,0,0,0,0,1,0,0,1,0,1,1,0,1,0,10,5,4,3,0,3,1
lzVLs0X,3,42,Saudis,Female,Half Million,10,1,1,1,1,1,1,1,1,1,1,1,1,1,1,1,0,1,1,1,1,1,1,1,1,1,1,1,10,10,10,0,2,1,7
aptgJZ2,3,26,Saudis,Female,Half Million,1,1,1,1,1,1,1,1,1,1,1,1,1,1,1,1,1,1,1,1,1,1,1,1,1,1,1,1,3,3,2,3,9,5,4
CUJeu5U,3,24,Saudis,Female,Half Million,9,0,1,0,0,1,0,1,0,0,0,0,0,0,0,0,1,0,0,0,1,0,0,0,0,0,1,1,10,10,10,10,0,7,7
AMGcyE5,3,21,Saudis,Male,Half Million,10,1,1,0,1,1,1,1,1,1,1,1,1,1,1,1,1,1,0,0,1,1,1,0,0,1,1,1,10,10,10,4,0,7,4
dVjqwwB,3,24,Saudis,Female,Half Million,10,1,1,1,1,1,1,1,1,1,1,1,1,1,1,1,1,1,1,1,1,1,1,1,1,1,1,1,10,10,10,7,1,6,6
9ZL0pHr,3,33,Saudis,Male,Half Million,9,1,1,0,1,0,0,1,0,1,1,1,1,1,1,1,0,0,1,1,1,1,1,1,1,1,1,1,10,8,9,7,0,5,5
W2b9Fph,3,28,Saudis,Female,Half Million,10,0,0,0,1,0,1,0,0,1,0,1,0,0,1,0,1,0,1,0,0,0,0,1,0,0,1,1,10,10,10,9,1,7,5
r4Fhrxl,3,23,Saudis,Male,Half Million,10,1,1,1,1,1,1,1,1,1,1,1,1,1,1,1,1,1,1,1,1,1,1,1,1,1,1,1,10,10,10,10,2,7,7
PMbs8zM,3,27,Saudis,Female,Half Million,8,1,1,1,1,1,1,1,1,1,1,1,1,1,1,1,1,1,1,1,1,1,1,1,1,1,1,1,8,8,8,8,1,5,5
UgLoSWY,3,25,Saudis,Male,Half Million,9,1,1,1,1,1,1,1,1,1,1,1,1,1,1,1,1,1,1,1,1,1,1,1,1,1,1,1,9,10,10,10,2,7,7
KqA8OMk,3,28,Saudis,Male,Half Million,9,0,1,1,0,0,0,1,1,1,1,0,0,1,1,0,1,1,0,1,0,1,0,1,1,0,1,0,7,8,10,10,0,5,5
t5UJ9gq,3,39,Sudanese,Female,Half Million,8,1,1,1,1,1,1,1,1,1,1,1,1,1,1,1,1,1,1,1,1,1,1,1,1,1,1,1,7,7,7,6,1,5,5
wpPiWC4,3,41,Egyptian,Male,Half Million,10,1,1,1,1,1,1,0,0,0,0,1,0,1,0,1,0,1,1,0,1,1,0,1,0,1,1,0,10,10,10,6,1,5,6
TKN4W4q,3,26,Saudis,Female,Half Million,3,1,1,1,1,1,1,1,1,1,1,1,1,1,1,1,1,1,1,1,1,1,1,1,1,1,1,1,2,2,3,2,0,4,3
97v2N5L,3,36,Saudis,Female,Half Million,8,1,1,1,1,1,1,1,1,1,1,1,1,1,1,1,1,1,1,0,1,1,1,1,1,1,1,1,10,10,10,6,1,7,4
fJ0qRpQ,3,28,Saudis,Female,Half Million,10,1,1,1,1,1,1,1,1,1,1,1,1,1,1,1,1,1,1,1,1,1,1,1,1,1,1,1,10,10,10,10,1,7,7
PcT7DF1,3,36,Saudis,Female,Half Million,7,1,1,0,1,1,1,1,1,1,1,1,1,1,0,1,1,1,1,1,1,0,1,1,1,1,1,1,7,6,6,5,1,5,7
6KMz3V7,3,40,Saudis,Male,Half Million,10,1,1,0,1,0,1,0,1,0,1,0,0,1,1,1,0,0,1,0,1,1,1,1,1,0,1,0,10,10,10,9,1,5,6
fxuhWJV,3,28,Indian,Male,Half Million,10,1,1,1,1,1,1,1,1,1,1,1,1,1,1,1,1,1,1,1,1,1,0,1,1,1,1,1,10,10,10,9,0,7,7
NYwFNmA,3,32,Saudis,Male,Half Million,1,1,1,1,1,1,1,1,1,1,1,1,1,1,1,1,1,1,1,1,1,1,1,1,1,1,1,1,8,0,3,6,1,4,1
hm6G5iE,3,33,Saudis,Female,Half Million,8,1,1,1,1,0,1,1,1,1,1,1,1,1,1,1,1,1,1,1,1,1,1,1,1,1,1,1,8,8,8,7,1,6,6
jF8IYX3,3,37,Saudis,Female,Half Million,10,1,1,1,0,0,0,1,0,0,0,0,1,1,1,1,0,0,1,1,1,1,0,0,1,1,1,0,10,10,10,7,2,6,7
IEUsNLq,3,29,Saudis,Female,Half Million,4,1,1,0,1,1,0,0,0,0,1,1,1,1,1,1,0,1,1,1,0,1,1,1,0,1,0,1,8,6,8,5,1,5,3
RKObOO4,3,37,Saudis,Male,Half Million,10,0,0,0,1,0,1,0,1,1,1,0,1,1,1,0,0,0,1,0,0,1,0,1,0,1,0,0,10,10,10,4,9,6,5
3qgoia4,3,27,Saudis,Female,Half Million,10,1,1,1,1,1,1,0,1,0,1,1,1,1,1,1,0,0,1,0,1,1,1,0,1,1,0,0,10,10,10,8,1,4,5
FnAvKPH,3,37,Saudis,Female,Half Million,10,0,0,0,0,0,0,0,0,0,0,0,0,1,0,1,0,0,0,0,1,0,0,0,1,0,0,0,7,6,6,5,0,7,6
svezxBN,3,32,Saudis,Female,Half Million,8,1,1,1,1,1,1,0,0,1,0,1,0,1,1,1,1,1,1,0,1,1,1,0,1,1,1,0,8,8,8,7,1,5,5
Ho6lTl4,3,36,Saudis,Female,Half Million,10,1,1,1,1,1,1,1,1,1,1,1,1,0,1,1,1,1,1,0,1,1,1,1,1,1,1,0,10,10,10,5,1,6,6
JhjlUFo,3,26,Saudis,Female,Half Million,9,1,1,1,1,1,1,1,0,0,1,0,1,1,0,1,1,0,0,0,0,1,1,1,0,1,0,1,9,9,9,7,1,5,7
cNmbSkj,3,32,Saudis,Female,Half Million,8,1,1,1,1,1,0,1,0,1,0,1,1,1,1,0,1,0,1,1,1,1,1,1,0,1,1,1,10,10,6,10,1,7,7
T9hoIrw,3,26,Saudis,Male,Half Million,10,1,1,1,1,1,1,1,1,1,1,1,1,1,1,1,1,1,1,1,1,1,1,1,1,1,1,1,9,10,10,2,2,6,6
EzwHRLw,3,31,Saudis,Female,Half Million,8,1,1,1,1,1,1,1,1,1,1,1,0,1,1,1,1,0,1,0,1,1,1,1,1,1,1,1,9,8,9,7,2,4,4
aVDZtnZ,3,31,Pakistani,Male,Half Million,10,1,1,1,1,1,1,1,1,1,1,1,1,1,1,1,1,1,1,1,1,1,1,1,1,1,1,1,10,10,10,10,0,7,7
8JzNdaK,3,27,Saudis,Female,Half Million,5,1,0,0,0,1,1,0,0,0,0,1,0,1,0,0,1,0,1,0,0,0,1,1,0,1,1,1,7,6,6,6,1,5,5
NNp6fmI,3,33,Egyptian,Male,Half Million,5,1,1,1,1,0,0,1,0,1,0,1,1,1,1,1,0,0,1,0,1,1,1,0,1,1,0,0,5,5,5,3,1,4,4
utljxCI,3,31,Saudis,Male,Half Million,3,1,1,1,1,1,1,1,1,1,1,1,1,1,1,1,1,1,1,0,1,1,1,1,1,1,1,0,4,6,4,4,1,5,4
ZtjyKMA,3,52,Saudis,Male,Half Million,10,1,1,1,1,1,1,1,1,0,1,1,1,1,1,1,0,0,1,1,1,1,1,1,1,1,1,1,10,10,10,0,2,2,7
4PA9n2g,3,37,Indian,Male,Half Million,9,0,0,0,0,0,0,0,0,0,0,0,1,0,0,1,0,0,0,0,0,0,0,0,0,0,0,0,8,5,8,7,1,4,6
nC5Oi63,3,30,Saudis,Female,Half Million,4,0,0,0,0,0,0,0,0,0,0,0,0,0,0,0,0,0,0,0,0,0,0,0,0,0,0,0,4,3,3,4,1,4,4
dOSZPN7,3,28,Pakistani,Male,Half Million,9,1,1,1,1,1,1,1,0,1,0,1,1,1,1,1,1,1,1,1,1,1,0,1,1,1,1,1,7,9,7,10,2,6,4
y5BMv6V,3,18,Indian,Male,Half Million,10,1,1,0,0,1,0,0,0,0,0,1,0,1,0,0,0,1,0,0,1,1,0,1,0,0,0,0,8,10,8,7,2,5,6
eDsbjlg,3,23,Saudis,Female,Half Million,7,1,0,0,0,1,1,0,0,1,1,1,0,1,1,1,0,1,0,0,1,1,0,1,1,1,1,1,8,7,6,10,2,4,5
lRbaa1p,3,28,Saudis,Male,Half Million,7,1,1,1,1,1,1,1,1,1,1,1,1,1,1,1,1,1,1,1,1,1,1,1,1,1,1,1,7,8,8,5,1,4,5
q9bh9zh,3,35,Saudis,Female,Half Million,9,0,0,0,1,0,0,0,1,1,0,0,1,0,1,0,0,0,0,1,1,1,0,0,0,0,0,0,7,9,10,8,2,6,4
EHhQM0O,3,34,Saudis,Male,Half Million,9,1,0,0,0,0,1,1,0,0,0,1,1,0,0,0,0,1,0,1,0,0,0,1,0,0,0,1,10,10,8,9,0,7,6
x9cKOJz,3,48,Egyptian,Male,Half Million,10,1,1,1,1,1,1,1,1,1,1,1,1,1,1,1,1,1,0,1,1,1,1,1,1,1,1,0,9,10,10,9,1,6,6
BBmd0wK,3,32,Egyptian,Female,Half Million,8,1,0,1,0,0,0,0,1,0,1,1,0,1,0,1,0,1,0,1,1,0,0,1,0,0,1,0,4,9,8,8,1,5,5
FWv5BWS,3,30,Saudis,Male,Half Million,10,1,1,1,1,1,1,1,1,1,1,1,1,1,1,1,1,1,1,1,1,1,1,1,1,1,1,1,10,10,10,7,2,6,4
1Au6bCw,3,32,Jordanian,Male,Half Million,10,1,1,1,1,1,1,1,1,1,1,1,1,1,1,1,1,1,1,1,1,1,1,1,1,1,1,1,10,10,10,1,2,6,6
OZmapUS,3,33,Egyptian,Male,Half Million,7,1,1,1,1,1,1,1,1,1,1,1,1,1,1,1,1,1,1,1,1,1,1,1,1,1,1,1,9,9,9,9,2,7,5
nJJMBOw,3,33,Saudis,Male,Half Million,10,1,1,1,1,1,1,1,0,1,1,1,0,1,1,1,1,1,1,1,1,1,1,1,1,1,1,0,10,10,10,4,1,5,7
e7PA1H4,3,40,Saudis,Male,Half Million,10,1,1,1,1,1,1,1,1,1,1,1,1,1,1,1,1,1,1,1,1,1,1,1,1,1,1,1,10,9,10,10,1,5,5
Jv30lCw,3,20,Saudis,Female,Half Million,10,1,1,0,0,1,1,0,1,1,0,1,0,0,0,0,1,0,1,0,1,1,1,1,1,1,1,0,10,10,10,2,2,7,6
L9ulBER,3,20,Saudis,Female,Half Million,10,1,1,1,1,1,1,1,1,1,1,1,1,1,1,1,1,0,1,1,1,1,1,1,1,1,1,0,10,10,9,6,1,6,6
1fAssci,3,50,Saudis,Female,Half Million,9,1,1,0,1,1,0,1,0,1,1,1,0,1,1,0,0,0,1,0,1,1,0,1,1,0,0,1,10,10,10,9,0,2,7
1VLLC2G,3,46,Saudis,Male,Half Million,9,0,0,0,0,1,0,0,0,1,0,1,0,0,0,1,0,0,1,0,0,1,1,1,0,0,1,0,10,9,9,1,1,4,5
C8jZyvo,3,18,Syrian,Male,Half Million,10,1,1,1,1,1,1,1,1,1,1,1,1,1,1,1,1,1,0,1,1,1,1,1,1,1,1,1,10,10,10,3,0,5,7
2Jbjzl7,3,44,Sudanese,Male,Half Million,10,1,1,1,1,1,1,0,1,1,1,1,1,1,0,1,0,1,1,0,1,1,1,1,1,1,1,1,10,10,10,8,2,7,7
2BPKaTn,3,33,Saudis,Male,Half Million,6,1,1,1,0,1,1,1,1,1,1,1,1,1,0,1,0,1,0,1,1,1,1,0,1,0,1,1,6,9,9,10,1,6,6
av93DWD,3,18,Saudis,Female,Half Million,9,1,1,1,0,0,1,0,0,1,1,0,0,0,1,1,0,0,0,0,1,1,0,1,0,1,0,0,10,10,10,6,1,5,7
O1L70MC,3,30,Saudis,Female,Half Million,9,1,1,1,0,0,1,1,1,1,0,1,0,1,1,1,0,1,1,0,1,0,1,0,1,0,0,0,8,7,7,3,1,6,5
TxVnhWz,3,47,Saudis,Female,Half Million,7,0,1,1,0,0,0,0,0,0,1,0,0,1,1,1,0,1,1,0,0,1,1,0,0,0,1,0,7,7,7,99,1,2,1
9F9K68q,3,20,Saudis,Female,Half Million,10,1,1,1,1,1,1,0,0,1,1,1,1,0,1,0,1,1,1,1,0,1,1,1,0,1,1,1,10,9,10,5,1,6,7
3sLEDal,3,37,Saudis,Female,Half Million,10,1,1,1,1,1,1,1,1,1,1,1,1,1,1,1,1,1,1,1,1,1,0,1,1,1,1,1,4,9,8,9,2,6,5
hm90QWb,3,20,Saudis,Female,Half Million,10,1,0,0,0,1,1,0,0,0,1,1,0,1,1,1,0,0,1,0,0,1,0,0,0,0,0,1,2,10,9,0,1,1,5
xsTVIJz,3,29,Saudis,Female,Half Million,10,1,1,1,1,1,1,1,0,1,1,1,1,1,1,1,1,0,1,1,1,1,1,1,1,1,1,0,10,10,10,6,1,4,4
3IybgcR,3,27,Saudis,Female,Half Million,10,0,1,0,0,0,0,0,0,0,1,0,0,0,1,1,0,1,1,0,1,0,0,0,0,0,0,0,10,10,10,9,1,6,4
ZO0g1vI,3,20,Saudis,Female,Half Million,5,1,0,1,1,1,0,0,0,0,1,0,0,0,0,1,0,0,1,1,0,1,0,1,0,0,0,0,5,5,5,5,1,4,4
BhydkXX,3,55,Syrian,Female,Half Million,10,1,1,0,0,1,1,0,0,0,1,1,0,1,1,1,0,1,0,0,1,1,0,0,1,1,1,0,10,10,10,10,1,2,4
mI2uEc2,3,28,Pakistani,Male,Half Million,10,0,0,0,0,0,0,0,0,0,0,0,0,0,0,0,0,0,0,0,0,0,0,0,0,0,0,0,10,9,10,10,1,7,7
DwT8RfR,3,37,Saudis,Male,Half Million,10,1,1,1,1,1,1,1,1,1,1,0,1,0,1,1,0,1,1,1,1,1,1,1,0,1,1,1,10,7,5,3,2,5,7
xsMs98H,3,20,Saudis,Female,Half Million,10,1,1,1,1,1,1,1,1,1,1,1,1,1,1,1,0,1,1,1,1,1,1,1,1,1,1,1,10,5,10,0,2,7,7
Id2Glw5,3,19,Saudis,Male,Half Million,10,0,1,1,0,0,0,1,0,1,0,0,1,0,1,0,1,1,0,1,0,1,1,0,0,0,0,0,8,10,10,2,1,7,7
q0OFdQC,3,19,Saudis,Male,Half Million,10,0,1,1,0,1,1,0,1,1,1,1,1,0,0,1,1,1,0,0,1,0,1,1,1,0,1,0,10,10,10,0,2,7,7
kZdW9nv,3,18,Saudis,Male,Half Million,2,0,1,1,1,1,1,1,0,0,0,1,1,1,0,0,1,1,1,1,0,1,1,1,0,0,1,0,3,7,4,4,2,5,3
PQUjIse,3,24,Saudis,Female,Half Million,10,1,0,1,1,0,1,1,1,1,1,1,1,1,1,1,1,0,1,0,1,1,1,1,1,1,1,0,10,10,10,10,0,6,7
tqfg0KB,3,24,Saudis,Male,Half Million,10,1,0,0,1,0,0,1,0,1,0,0,1,0,1,1,0,0,1,1,1,0,1,0,1,1,0,0,10,10,10,10,1,7,7
6RHut0F,3,22,Saudis,Female,Half Million,8,1,1,1,0,0,0,1,1,0,0,1,1,1,0,1,1,0,1,1,1,0,1,1,0,0,1,0,7,8,8,9,0,5,5
gQe0KLX,3,21,Saudis,Female,Half Million,10,1,1,1,1,1,1,1,1,1,1,1,1,1,1,1,1,1,1,1,1,1,1,1,1,1,1,1,10,10,10,2,1,7,7
vAmlBWr,3,22,Saudis,Female,Half Million,9,0,1,1,1,1,1,1,1,1,1,1,1,1,1,1,1,1,1,1,1,1,1,1,1,1,1,1,10,10,10,4,1,7,6
ahcN13Q,3,24,Saudis,Male,Half Million,10,1,1,1,1,1,1,1,1,1,1,1,1,1,1,1,1,1,1,1,1,1,1,1,1,1,1,1,10,10,10,5,1,7,7
zoA0RxI,3,23,Saudis,Male,Half Million,10,1,1,1,1,1,1,1,1,0,1,1,0,1,1,1,1,1,1,0,1,1,1,0,1,1,0,1,8,8,7,2,2,7,4
AxMFYEJ,3,36,Indian,Male,Half Million,10,1,0,1,1,1,1,1,1,1,1,1,1,0,1,1,1,1,0,1,1,1,1,1,1,1,1,1,10,10,10,10,2,7,7
mMocMGn,3,36,Saudis,Male,Half Million,10,0,0,1,0,0,1,0,0,0,1,0,0,0,0,1,0,0,0,0,0,0,0,0,0,1,0,0,10,10,10,3,1,7,7
jT9lzWG,3,23,Saudis,Female,Half Million,10,1,1,1,1,1,1,1,1,0,1,1,1,1,1,1,1,1,1,1,1,1,1,1,1,1,1,1,9,4,4,3,1,5,5
q9tIYr6,3,37,Egyptian,Male,Half Million,10,1,1,0,1,1,1,1,1,1,1,1,1,1,1,1,0,1,1,0,1,1,1,1,1,1,1,1,10,10,10,8,1,5,7
7w0Q7x7,3,22,Saudis,Male,Half Million,10,1,1,1,1,1,1,1,1,1,1,1,1,0,1,1,1,0,1,1,1,1,1,1,1,1,1,1,9,0,4,0,1,7,4
3mqSYJv,3,18,Saudis,Female,Half Million,5,0,0,0,0,0,0,0,0,0,0,0,0,0,0,0,0,0,0,0,0,0,0,0,0,0,0,0,3,1,9,3,1,4,4
qxv8ur5,3,36,Saudis,Male,Half Million,10,1,1,1,1,1,1,1,1,1,1,1,1,1,1,1,1,1,1,0,1,1,1,1,1,1,1,0,8,9,10,3,1,7,6
eWeDjBX,3,25,Saudis,Male,Half Million,10,1,1,1,1,1,1,1,1,1,1,1,1,1,1,1,1,1,1,1,1,1,1,1,1,1,1,1,10,99,10,1,0,7,6
kwKdJYU,3,24,Saudis,Male,Half Million,6,0,0,0,1,0,0,0,0,0,0,1,0,1,0,0,0,0,1,0,0,1,0,0,0,1,0,0,5,4,10,5,0,7,7
rFJ9w8y,3,23,Saudis,Female,Half Million,9,1,1,0,1,1,1,0,1,1,1,0,0,0,1,0,1,1,1,0,1,1,1,1,1,1,0,0,7,6,9,2,1,5,5
FaqRIuR,3,44,Saudis,Female,Half Million,10,1,1,1,1,1,1,1,1,1,1,1,1,1,1,1,1,1,1,1,1,1,1,1,1,1,1,1,10,10,10,10,1,7,7
lrJ4JWy,3,21,Saudis,Female,Half Million,10,1,1,1,1,1,1,1,1,1,1,1,1,1,1,1,1,1,1,1,1,1,1,1,1,1,1,1,10,10,10,7,2,7,7
S5fc1EG,3,36,Saudis,Female,Half Million,5,0,0,0,0,0,0,0,0,1,0,1,1,0,0,1,0,0,1,0,0,0,0,0,0,0,0,0,7,7,7,3,1,4,4
lSn38h2,3,40,Saudis,Male,Half Million,10,1,1,1,1,1,1,1,1,1,1,0,1,1,1,1,1,1,1,1,1,1,1,1,1,1,1,1,10,10,10,10,1,7,7
RGMuyem,3,25,Saudis,Male,Half Million,7,0,1,1,0,0,1,0,0,0,0,0,0,0,0,0,1,0,0,0,1,1,0,0,0,0,0,1,7,0,5,4,1,3,5
gm8tIdm,3,25,Saudis,Male,Half Million,9,0,1,0,0,1,0,0,1,1,0,1,0,0,0,0,1,0,0,0,1,0,1,0,0,0,1,0,9,9,8,7,2,6,6
MDDmnW6,3,40,Saudis,Male,Half Million,10,0,0,0,0,0,0,0,0,0,0,0,0,0,0,0,0,0,0,0,0,0,0,0,0,0,0,0,10,10,10,10,1,7,7
E9ukP5b,3,38,Egyptian,Male,Half Million,10,0,1,1,1,1,0,1,0,0,0,0,1,1,0,1,1,0,1,0,0,0,0,1,0,1,0,0,10,10,10,4,0,7,7
7LmC5gy,3,38,Saudis,Female,Half Million,8,1,0,0,0,0,0,0,0,0,0,0,0,1,1,0,0,0,0,0,0,0,0,0,0,1,0,0,9,8,9,9,2,6,6
OBQCcjq,3,21,Saudis,Male,Half Million,10,1,1,1,1,1,1,1,1,1,1,1,1,1,1,1,1,1,1,1,1,1,1,1,1,1,1,1,10,10,10,2,1,7,7
sIwKFyd,3,22,Saudis,Male,Half Million,6,1,1,1,1,1,1,1,1,1,1,1,1,1,1,1,1,1,1,1,1,1,1,1,1,1,1,1,10,4,10,9,2,6,7
xjnUySm,3,37,Saudis,Female,Half Million,10,1,0,0,0,1,0,0,1,0,1,1,1,0,0,0,1,0,0,0,1,1,0,1,0,1,0,0,10,10,10,10,2,5,3
Hlerzvs,3,49,Saudis,Male,Half Million,10,1,1,1,1,1,1,1,1,1,1,1,1,1,1,1,1,1,1,1,1,1,1,1,1,1,1,1,10,10,10,10,2,7,7
VwMz8Hp,3,36,Saudis,Male,Half Million,10,1,1,1,1,1,1,1,1,1,1,1,1,1,1,1,1,1,1,1,1,1,1,1,1,1,1,1,10,10,10,8,2,6,7
abynPsu,3,20,Saudis,Male,Half Million,10,1,1,0,0,1,1,0,0,1,0,1,1,1,1,0,0,0,1,1,1,0,1,1,0,1,1,0,10,9,10,10,1,5,3
7zOuNBN,3,18,Saudis,Male,Half Million,4,1,1,1,1,1,1,1,1,1,1,1,1,1,1,1,1,1,1,1,1,1,1,1,1,1,1,1,9,10,10,6,1,7,7
hTbfy5d,3,37,Saudis,Female,Half Million,10,1,1,1,1,1,1,1,1,1,1,1,1,1,1,1,1,1,1,1,1,1,1,1,1,1,1,1,10,10,10,0,2,7,7
RNHEWKw,3,41,Saudis,Male,Half Million,9,1,1,0,1,0,0,0,0,0,0,1,0,0,1,1,0,1,0,1,0,0,0,0,1,1,0,0,8,9,9,8,1,5,6
lCOicbI,3,40,Saudis,Male,Half Million,10,1,1,0,1,1,1,0,0,1,1,1,0,0,1,0,1,0,1,0,1,1,0,0,1,1,1,0,10,10,9,10,0,2,2
3vezYip,3,23,Saudis,Male,Half Million,9,1,1,1,1,1,1,1,1,1,1,1,1,0,1,1,1,0,1,1,1,1,1,1,1,1,1,0,6,5,6,5,1,7,7
Xc8nt4C,3,22,Saudis,Male,Half Million,2,1,0,0,1,1,1,1,0,1,1,1,0,1,1,1,1,1,1,0,1,1,0,1,1,1,1,0,9,2,8,9,1,4,7
ZoLRRv6,3,25,Saudis,Female,Half Million,8,0,0,0,0,0,0,0,0,0,0,0,0,0,0,0,0,0,0,0,0,0,0,0,0,0,0,0,8,8,4,8,1,5,7
vEfPiRC,3,20,Saudis,Female,Half Million,5,0,1,1,1,0,1,1,1,0,1,1,1,1,1,1,1,0,1,0,1,1,1,1,0,1,1,1,6,5,5,5,0,4,4
IaYgkKh,3,41,Saudis,Male,Half Million,6,0,0,0,0,1,0,0,1,0,0,0,1,1,0,0,1,0,1,0,1,0,0,0,0,1,0,1,6,6,10,10,0,6,6
LywcPUb,3,22,Saudis,Female,Half Million,9,1,0,0,1,0,1,0,0,0,1,0,0,1,1,1,1,0,1,0,0,1,0,0,0,0,1,1,8,8,9,5,1,4,6
50S4CPx,3,38,Saudis,Male,Half Million,9,1,1,1,1,1,1,1,1,1,1,1,1,1,1,1,1,1,1,1,1,1,1,1,1,1,1,1,8,8,7,8,1,6,5
XYRZLhT,3,39,Saudis,Female,Half Million,10,0,1,0,1,1,1,0,0,0,0,0,0,1,1,0,1,1,0,1,1,1,1,1,1,1,1,0,8,9,9,7,2,3,3
y7aCs3y,3,40,Saudis,Male,Half Million,10,1,1,1,0,0,1,1,1,1,0,1,0,1,0,1,1,1,1,0,0,1,0,0,0,0,0,1,10,10,7,10,0,4,7
LMYVeOg,3,36,Saudis,Female,Half Million,10,0,1,0,1,0,1,0,0,0,1,1,0,0,1,1,1,1,0,1,0,0,1,1,1,1,1,0,10,9,7,5,0,1,7
dEfM0z2,3,24,Saudis,Male,Half Million,6,1,1,1,1,1,1,1,0,0,1,1,1,1,1,1,1,1,1,1,1,1,0,1,1,1,1,1,5,4,6,7,1,3,3
6Eq460P,3,21,Saudis,Female,Half Million,7,0,1,0,0,0,1,1,0,0,0,0,0,0,0,1,0,0,1,0,0,1,0,0,0,0,0,0,5,7,7,4,1,5,3
mOp4R2L,3,20,Saudis,Male,Half Million,10,0,0,0,0,0,0,0,0,0,0,0,0,0,0,0,0,0,0,0,0,0,0,0,0,0,0,0,10,8,9,0,2,5,7
aPojEYi,3,31,Saudis,Female,Half Million,4,0,0,0,1,1,1,1,0,1,0,0,0,1,0,0,0,0,1,1,1,1,0,1,1,1,1,0,4,4,4,3,0,3,4
kUPjIm8,3,18,Indian,Male,Half Million,9,1,1,1,1,0,1,1,1,1,1,1,1,1,1,1,0,1,0,1,1,1,1,1,1,1,0,0,9,9,9,5,1,5,5
xRkPdyt,3,40,Saudis,Female,Half Million,10,1,1,1,1,1,1,0,0,1,1,1,0,0,1,1,1,0,1,0,1,1,0,0,1,1,0,0,10,10,10,2,1,1,1
Id2Glw5,3,19,Saudis,Male,Half Million,10,1,1,1,1,1,1,1,1,1,1,1,1,1,1,1,1,0,1,0,1,1,1,1,1,1,1,1,7,10,10,4,1,7,7
DHsHEzm,3,35,Saudis,Male,Half Million,10,1,1,1,1,1,1,1,1,1,1,1,1,1,1,1,1,1,1,1,1,1,1,1,1,1,1,1,10,10,10,2,1,6,7
CLsaYOC,3,26,Saudis,Female,Half Million,5,0,0,0,0,0,1,0,0,0,0,0,0,0,1,0,0,0,0,0,0,0,0,0,0,1,0,0,5,5,5,5,1,4,3
cePAVao,3,23,Saudis,Male,Half Million,10,1,1,1,0,0,1,0,0,0,1,0,1,0,1,1,0,0,0,1,1,1,1,1,1,1,0,0,10,9,9,7,0,5,7
OC6MaOr,3,37,Saudis,Female,Half Million,5,0,1,1,0,0,1,1,1,0,1,0,0,1,0,0,0,0,1,0,1,1,0,1,1,1,0,1,5,4,5,7,1,5,4
9HwGVZz,3,38,Saudis,Female,Half Million,10,1,1,1,1,1,1,0,0,1,1,1,0,1,1,1,0,0,1,0,1,1,1,1,1,1,0,0,10,10,10,2,9,1,1
9aRVR4Y,3,21,Saudis,Female,Half Million,6,0,0,0,0,0,1,0,0,0,0,0,1,0,0,1,1,0,1,0,1,1,0,1,0,1,1,0,6,5,8,2,1,6,5
7cWGXPS,3,40,Saudis,Female,Half Million,10,0,0,0,0,0,0,0,0,0,0,0,0,0,0,0,0,0,0,0,0,0,0,0,0,0,0,0,10,10,10,1,1,1,1
6nYfkry,3,59,Saudis,Female,Half Million,10,0,0,0,0,0,0,0,0,0,0,0,0,0,0,0,0,0,0,0,0,1,0,0,0,0,0,0,10,10,10,10,2,7,7
GPYeAUo,3,35,Saudis,Female,Half Million,10,0,1,0,0,1,0,0,0,1,0,0,0,0,0,0,0,0,0,0,0,0,0,0,0,1,0,0,8,8,10,3,1,6,5
61XU4Aa,3,26,Saudis,Male,Half Million,8,0,1,1,0,0,1,0,0,0,1,1,1,0,1,1,1,1,1,0,1,1,1,1,1,0,1,0,10,10,8,0,1,5,7
92vQLqs,4,34,Jordanian,Female,Half Million,9,1,1,1,1,1,1,1,1,1,1,1,1,1,1,0,1,1,1,0,1,1,1,1,1,0,0,0,10,10,8,5,1,7,7
DyO9vOc,4,28,Saudis,Male,Half Million,9,0,0,0,0,1,1,0,0,0,1,1,0,0,0,1,1,0,0,0,0,0,0,1,0,1,0,0,4,7,9,8,2,5,4
lSzTtnP,4,21,Saudis,Male,Half Million,3,0,0,0,0,1,0,0,0,0,0,0,0,0,0,0,0,0,1,1,0,0,0,0,0,0,1,1,3,2,2,2,2,4,4
0pCDBHh,4,27,Saudis,Female,Half Million,3,0,0,1,1,1,0,0,1,1,0,1,1,1,0,0,0,1,1,0,0,1,1,1,0,1,0,1,4,4,4,3,0,4,1
KyoTZdJ,4,32,Saudis,Female,Half Million,9,1,1,1,1,1,1,0,1,1,1,1,1,1,1,1,1,0,1,0,1,1,1,1,1,1,1,0,7,5,8,8,1,5,2
WOwKAP5,4,23,Saudis,Male,Half Million,6,1,1,1,1,1,1,0,1,1,1,1,1,1,1,1,1,1,1,1,1,1,1,1,1,1,1,1,0,1,0,1,0,1,1
fAhLIkr,4,17,Jordanian,Female,Half Million,10,1,1,1,1,1,1,1,1,1,1,1,1,1,1,1,1,0,1,0,1,1,1,1,1,1,1,1,10,10,10,2,2,5,4
J2stk7a,4,43,Saudis,Male,Half Million,9,1,1,1,1,1,1,1,1,1,1,1,1,0,1,1,1,1,1,1,1,1,1,1,0,1,1,1,9,9,9,1,1,6,6
ajIGbuI,4,40,Saudis,Female,Half Million,10,1,0,0,0,0,1,0,0,1,0,0,0,0,0,0,0,0,0,0,1,0,0,0,0,0,0,0,10,10,10,4,1,7,7
7iK8Bw9,4,31,Saudis,Male,Half Million,8,1,1,1,1,0,1,1,1,1,1,1,1,1,1,1,0,0,1,0,1,1,1,1,1,1,1,0,9,5,8,10,1,4,6
P8OybKr,4,41,Saudis,Male,Half Million,10,1,1,1,1,1,1,1,1,1,1,1,1,1,1,1,1,1,1,1,1,1,1,1,1,1,1,1,10,10,10,10,1,7,7
g8k2uIY,4,42,Saudis,Male,Half Million,10,1,1,1,1,0,1,0,0,1,1,1,1,0,1,0,1,1,1,1,1,1,1,1,1,1,1,1,10,10,10,3,1,4,7
6t1fdJ9,4,37,Saudis,Female,Half Million,7,0,1,0,1,1,1,0,1,1,0,1,1,0,0,0,1,1,1,0,0,1,1,1,1,0,1,0,6,5,6,6,1,6,5
JChFh2z,4,52,Saudis,Male,Half Million,10,1,1,1,1,1,1,1,0,0,1,1,1,1,1,1,0,0,1,0,1,1,1,1,1,1,1,1,10,10,10,0,1,2,6
Ycm9hGX,4,22,Sudanese,Male,Half Million,8,0,0,1,0,1,1,0,0,0,1,0,0,0,1,1,1,0,1,0,0,1,0,0,0,1,1,0,8,8,8,6,1,3,4
nzcWbhy,4,23,Saudis,Male,Half Million,5,0,0,0,0,0,0,0,0,0,0,0,0,0,0,0,0,1,0,0,0,0,0,1,0,0,1,1,4,6,6,4,1,6,5
xzxf9jh,4,23,Saudis,Female,Half Million,10,1,1,1,1,1,1,0,1,1,0,1,1,1,0,0,1,1,1,0,1,1,1,1,1,1,1,0,10,10,9,5,1,7,7
ofiNRWE,4,25,Saudis,Male,Half Million,10,1,0,0,0,0,0,1,1,1,0,1,1,0,1,0,0,1,1,0,0,0,0,1,1,0,0,1,10,10,9,10,1,6,7
zCCFmKZ,4,24,Saudis,Female,Half Million,3,0,0,0,1,0,1,0,0,0,0,1,0,0,1,0,0,0,1,0,0,1,1,1,1,0,0,0,7,6,10,4,1,3,2
OIa26dg,4,18,Egyptian,Male,Half Million,10,1,1,1,1,0,1,0,0,1,1,1,0,1,1,1,0,0,1,0,1,1,1,1,1,1,1,0,10,10,10,5,0,7,7
epQCsJp,4,19,Saudis,Male,Half Million,9,1,1,0,1,1,0,1,0,1,1,1,0,1,1,1,0,1,1,0,1,1,1,1,1,1,0,0,10,9,8,7,1,5,7
rQCrseT,4,25,Saudis,Male,Half Million,10,1,1,1,0,1,1,0,0,0,0,0,0,1,1,1,0,1,1,0,1,1,0,0,1,0,0,0,10,10,10,4,1,1,5
cS6Tkwk,4,24,Saudis,Female,Half Million,5,1,1,1,1,1,1,1,1,1,1,1,0,1,1,1,1,1,1,1,1,1,1,1,1,1,1,1,9,9,8,3,1,7,7
B7paKh0,4,28,Egyptian,Male,Half Million,6,0,0,0,0,0,0,0,0,0,0,0,0,0,0,0,0,0,0,0,0,0,0,0,0,0,0,0,8,8,9,6,2,5,7
AczGbCP,4,17,Saudis,Female,Half Million,3,0,0,0,0,0,0,0,0,0,0,0,0,0,0,0,0,0,1,0,0,0,0,0,0,0,0,0,6,7,8,0,9,2,6
eAUrP8O,4,40,Saudis,Female,Half Million,10,1,1,0,1,1,1,0,0,1,1,1,1,1,1,1,1,0,1,0,1,1,1,1,1,1,0,0,10,10,10,4,1,4,5
bwjNb4Y,4,18,Saudis,Male,Half Million,7,0,1,0,0,0,1,0,0,0,0,1,0,0,0,0,0,0,1,1,1,0,0,0,0,0,0,0,8,9,8,4,2,2,2
ViA0w6b,4,52,Saudis,Male,Half Million,10,1,1,1,1,1,1,1,0,0,1,1,1,1,1,1,1,0,1,1,1,1,1,1,1,1,1,1,10,10,10,0,1,5,7
3VJzKIV,4,52,Syrian,Male,Half Million,6,0,0,0,0,0,0,0,0,0,0,0,0,0,0,0,0,0,0,0,0,0,0,0,0,0,0,0,1,2,6,5,1,5,6
Fw0Q8XT,4,31,Saudis,Female,Half Million,7,0,1,0,1,0,0,1,1,0,1,0,0,0,1,0,0,1,1,0,0,0,0,0,0,1,1,1,8,8,8,4,1,7,6
AtLZixX,4,32,Saudis,Female,Half Million,4,0,0,1,1,0,1,0,0,0,0,0,0,0,0,0,0,0,0,0,0,0,0,0,0,0,0,0,5,7,6,4,1,4,4
B7gIykL,4,52,Saudis,Male,Half Million,10,1,1,1,1,1,1,1,0,0,1,1,1,1,1,1,1,0,1,1,1,1,1,1,1,1,1,1,10,10,10,0,1,6,7
6nCrVHd,4,32,Saudis,Female,Half Million,7,0,0,0,0,0,0,0,0,0,0,0,0,0,0,0,0,0,0,0,0,0,0,0,0,0,0,0,4,3,4,5,0,3,4
XxoNrfs,4,23,Saudis,Male,Half Million,99,1,1,0,0,1,0,1,0,1,0,0,1,1,1,1,1,1,1,1,0,1,0,1,1,1,1,1,10,0,10,10,0,7,7
E2EczBc,4,33,Saudis,Male,Half Million,10,0,0,0,0,0,1,0,1,1,0,0,0,0,0,0,0,0,0,1,0,0,0,0,0,0,0,0,10,9,10,3,1,6,4
wIGktnI,4,17,Saudis,Male,Half Million,10,1,0,0,1,0,1,1,1,1,1,1,0,0,1,1,0,1,1,1,1,1,1,0,1,1,1,1,9,9,10,0,1,7,6
zj8MqOS,4,35,Saudis,Male,Half Million,10,1,1,1,1,1,1,1,1,1,1,1,1,1,1,1,1,1,1,1,1,1,1,1,1,1,1,1,10,10,10,0,2,7,7
tlrnDl1,4,28,Saudis,Female,Half Million,8,0,0,0,0,0,0,0,0,0,0,0,0,0,0,0,0,0,0,0,0,0,0,0,0,0,0,0,8,9,8,3,1,5,5
igGUz5Z,4,25,Indian,Female,Half Million,9,1,0,1,0,1,1,0,1,0,1,0,0,1,1,1,0,1,1,1,1,1,1,0,0,1,0,0,8,8,10,10,1,7,7
z0dB65f,4,42,Saudis,Male,Half Million,10,0,1,1,0,0,1,1,0,0,0,0,1,1,1,1,0,1,1,0,0,1,0,0,0,0,0,0,8,10,9,4,1,4,5
kdb0XKt,4,34,Saudis,Female,Half Million,8,0,1,1,1,0,0,1,1,0,1,0,0,1,0,1,1,0,0,1,0,1,0,1,1,1,0,0,9,9,8,2,1,6,6
bipjI6m,4,28,Saudis,Female,Half Million,9,1,0,0,0,1,1,0,1,1,1,1,0,0,1,0,0,1,1,0,0,1,0,0,1,0,0,1,9,6,8,3,1,5,4
cBgCpPy,4,36,Saudis,Male,Half Million,10,1,1,1,1,1,1,1,1,0,1,1,1,1,1,1,1,1,1,1,1,1,1,1,1,1,1,1,10,10,10,6,2,7,6
eJwfIFK,4,20,Saudis,Female,Half Million,9,1,1,0,1,0,1,0,0,0,1,1,1,1,1,1,1,0,1,0,1,1,1,1,1,1,1,0,8,10,10,5,1,4,6
CigiROC,4,31,Saudis,Male,Half Million,10,1,1,1,1,1,1,1,1,1,1,1,1,1,1,1,1,1,1,1,1,1,1,1,1,1,1,1,10,10,10,3,2,7,6
rFscSdH,4,47,Egyptian,Male,Half Million,10,1,1,1,1,1,1,1,1,1,1,1,1,1,1,1,1,1,1,0,1,1,1,1,1,1,1,0,10,10,10,8,2,5,6
pSZV7u8,4,27,Saudis,Male,Half Million,10,1,1,1,0,0,0,0,1,1,0,1,1,1,0,1,1,1,1,1,1,0,1,1,1,1,1,1,9,10,10,10,2,6,7
9ioTjQD,4,20,Syrian,Female,Half Million,5,1,1,1,1,1,1,1,1,1,1,1,1,1,1,1,1,1,1,1,1,1,1,1,1,1,1,1,10,6,10,10,0,4,7
hAnBbNG,4,18,Saudis,Male,Half Million,3,0,0,0,0,0,0,0,0,1,0,0,0,0,0,0,0,0,1,0,0,0,0,0,0,0,0,0,8,9,8,2,0,5,5
CSRHPac,4,19,Saudis,Female,Half Million,6,0,0,0,0,0,0,0,0,0,0,0,0,0,0,0,0,0,0,1,0,0,0,0,0,0,0,0,6,5,4,4,1,4,4
Xy3hebG,4,38,Saudis,Male,Half Million,10,0,0,1,0,0,0,1,0,0,1,1,1,0,1,0,0,1,1,1,1,0,1,0,0,0,1,1,8,9,8,0,0,5,6
qLllZFY,4,18,Saudis,Female,Half Million,10,0,1,1,1,1,1,0,0,1,1,0,1,0,1,1,1,0,1,1,1,0,1,1,0,1,1,1,9,9,9,4,1,2,5
x7Shlya,4,19,Egyptian,Female,Half Million,10,1,1,1,1,1,0,0,0,0,1,0,0,1,1,0,0,1,0,0,1,1,1,0,1,1,0,0,10,9,10,8,1,6,6
x3Kx9I5,4,18,Saudis,Female,Half Million,3,1,0,0,1,0,1,1,0,0,0,0,1,0,0,1,1,0,0,0,0,0,0,0,1,0,1,0,2,3,4,2,2,5,4
SbmApu4,4,31,Saudis,Female,Half Million,10,1,1,1,1,1,1,1,1,1,1,1,1,1,1,1,1,1,1,1,1,1,1,1,1,1,1,1,10,6,10,8,1,7,4
7xN2XZe,4,43,Saudis,Female,Half Million,10,0,0,0,0,0,0,0,0,0,0,0,0,0,0,0,0,0,0,0,0,0,0,0,0,0,0,0,9,9,9,10,1,6,6
04Skxmg,4,19,Saudis,Male,Half Million,10,0,1,1,1,0,1,0,0,1,1,1,1,1,1,1,0,1,1,0,1,1,0,1,0,0,0,1,5,8,9,5,1,5,7
9W1HO89,4,22,Saudis,Male,Half Million,9,1,1,1,0,0,1,0,0,0,1,1,0,1,1,1,0,1,1,0,1,1,1,0,0,1,0,0,9,7,8,9,1,4,5
nond36e,4,32,Saudis,Female,Half Million,9,1,0,1,1,1,1,1,0,1,1,1,1,1,1,1,1,1,1,1,1,1,1,1,1,1,1,1,10,10,10,8,0,7,7
ZgvChny,4,27,Saudis,Female,Half Million,10,1,1,0,0,1,1,0,1,0,1,1,1,1,0,1,0,0,1,0,1,1,1,1,0,1,0,0,10,10,8,0,2,3,1
7LlaccV,4,19,Saudis,Male,Half Million,10,1,1,0,1,0,1,0,0,1,1,1,1,0,1,0,0,0,1,0,1,1,0,1,1,1,0,0,10,9,6,1,1,2,6
OOVFFb9,4,34,Palestinian,Female,Half Million,10,1,1,1,1,1,1,1,1,1,1,1,1,1,1,1,1,1,1,0,1,1,1,1,1,1,1,0,10,10,10,6,1,7,5
Udg3yq9,4,34,Saudis,Female,Half Million,9,0,1,1,0,1,0,1,0,0,1,0,0,1,1,1,0,1,0,0,1,1,1,0,1,0,0,1,9,10,8,9,1,6,6
mKgZrwp,4,39,Saudis,Male,Half Million,10,0,0,0,0,0,0,0,0,0,0,0,0,0,0,0,0,0,0,0,0,0,0,0,0,0,0,0,10,10,10,10,2,7,7
I7BFElJ,4,18,Saudis,Male,Half Million,10,1,1,1,1,1,1,0,0,1,1,1,1,1,1,1,0,0,1,0,1,1,1,1,1,1,1,1,8,9,10,3,1,2,6
n8XtDSQ,4,24,Saudis,Female,Half Million,10,1,1,1,1,0,1,0,1,1,1,1,1,1,1,1,1,1,1,0,1,1,1,1,1,1,0,1,10,10,10,7,1,5,7
Lyx3ph4,4,39,Saudis,Male,Half Million,10,1,1,1,1,1,1,1,1,1,1,1,1,1,1,1,1,1,1,1,1,1,1,1,1,1,1,1,10,10,9,8,2,6,6
fngbrkl,4,45,Saudis,Female,Half Million,10,1,1,1,1,1,1,1,1,1,1,1,1,1,1,1,0,1,1,0,1,1,1,1,1,1,1,0,10,8,7,8,1,6,6
tEi4FPL,4,41,Saudis,Male,Half Million,10,1,1,1,1,1,1,1,0,0,1,0,1,1,1,1,1,1,1,1,1,1,0,1,1,1,1,1,10,10,10,1,1,5,7
CHUBZjx,4,22,Saudis,Female,Half Million,7,0,1,0,0,1,1,1,1,1,1,0,0,1,0,1,0,0,1,0,0,1,1,1,1,1,0,1,5,3,9,8,0,5,5
64bn6Ln,4,23,Saudis,Female,Half Million,6,0,0,0,0,0,0,1,0,0,0,0,0,1,1,0,1,0,0,0,1,0,0,0,1,1,1,0,5,6,7,8,0,5,4
a654R9F,4,41,Jordanian,Female,Half Million,10,1,0,0,0,0,0,0,0,0,1,0,1,0,0,0,0,0,0,0,0,0,0,0,1,0,1,0,10,10,10,3,1,4,4
JOkkBpN,4,41,Saudis,Male,Half Million,5,1,1,1,0,1,1,1,0,0,1,1,0,1,1,1,0,1,1,0,1,1,1,0,1,1,1,0,6,6,6,5,1,4,4
E5LxE1g,4,37,Saudis,Female,Half Million,10,0,0,0,0,0,0,0,0,0,0,0,0,0,0,0,0,0,0,0,0,0,0,0,0,0,0,0,10,10,10,6,1,4,4
hDeyoPE,4,33,Saudis,Female,Half Million,7,1,1,1,1,1,1,1,1,1,1,1,1,1,1,1,1,1,1,1,1,1,1,1,1,1,1,1,6,10,10,10,0,6,6
1hpStin,4,37,Saudis,Female,Half Million,9,0,0,0,0,0,0,0,0,0,0,0,0,0,0,0,0,0,0,0,0,0,0,0,0,0,0,0,99,10,9,10,0,5,5
f4utRRw,4,24,Saudis,Male,Half Million,9,1,0,0,0,0,0,0,0,0,1,0,0,0,1,1,0,0,1,0,0,1,1,0,0,0,1,0,10,10,7,9,0,6,5
PWp8YVP,4,34,Saudis,Male,Half Million,10,1,1,1,1,1,1,1,0,1,1,1,1,1,1,1,1,1,1,0,1,1,1,1,1,1,1,1,10,10,10,10,1,5,7
lOti0l6,4,20,Saudis,Female,Half Million,10,1,0,0,0,0,1,0,1,0,1,1,0,1,1,1,0,0,1,0,1,0,0,1,1,1,1,0,10,9,10,6,1,7,7
1VduaoJ,4,19,Saudis,Male,Half Million,10,1,1,0,0,1,1,0,1,1,1,0,0,0,1,1,0,1,1,0,0,1,1,1,0,1,1,0,10,10,10,4,1,7,7
k2tduJH,4,20,Saudis,Male,Half Million,10,0,1,0,0,0,1,0,0,0,0,0,0,0,1,0,0,0,1,0,0,1,1,0,0,0,0,0,10,10,10,6,1,5,6
C0Fyu0C,4,36,Saudis,Male,Half Million,5,0,0,0,0,0,0,0,0,0,0,0,0,0,0,0,0,0,0,0,0,0,0,0,0,0,0,0,0,0,0,10,0,1,1
omXjhTo,4,35,Saudis,Male,Half Million,10,0,0,0,1,1,1,0,1,0,1,0,0,0,1,1,1,1,1,0,0,1,1,1,1,1,0,1,10,9,9,4,2,7,3
tmQ94pK,4,26,Saudis,Male,Half Million,8,0,1,1,1,1,1,0,0,0,1,0,0,1,1,1,1,1,0,1,0,1,0,1,0,1,1,0,10,8,5,8,1,2,4
ACaY4Jd,4,23,Saudis,Female,Half Million,7,0,1,0,0,0,0,0,0,1,0,0,0,1,0,1,1,0,0,1,1,0,0,1,1,0,0,1,10,8,9,1,1,7,6
Bif0M0F,4,25,Sudanese,Male,Half Million,6,0,0,1,1,1,1,0,1,1,0,1,0,0,0,1,0,1,1,0,1,0,1,0,1,1,0,0,10,10,9,3,1,6,6
6lLIH6I,4,47,Saudis,Male,Half Million,5,0,1,0,1,1,0,1,1,1,1,0,1,1,0,1,1,0,1,0,1,0,1,1,1,1,0,1,6,6,5,3,1,4,4
MeqAVd4,4,21,Saudis,Female,Half Million,10,1,1,0,1,1,1,1,0,1,1,1,1,1,1,1,0,1,1,0,1,1,1,1,1,1,1,0,10,10,10,0,1,5,7
qoMWt8C,4,30,Saudis,Male,Half Million,10,1,1,1,1,1,1,0,1,1,1,1,1,1,1,1,1,1,1,1,1,1,1,1,1,1,1,1,10,10,10,3,2,7,7
7RNvMtk,4,47,Sudanese,Male,Half Million,10,1,1,1,1,1,1,1,1,1,1,1,1,1,1,1,0,0,1,1,1,1,1,1,1,1,1,1,10,10,10,10,1,5,7
W3HO1D9,4,30,Saudis,Male,Half Million,10,1,1,1,1,1,1,1,1,1,1,1,1,1,1,1,1,1,1,1,1,1,1,1,1,1,1,1,10,10,10,3,1,7,7
G473zSZ,4,22,Saudis,Male,Half Million,10,1,1,1,1,1,1,0,1,1,1,1,1,0,1,1,1,0,0,0,1,1,0,0,1,1,1,0,10,10,10,1,2,2,1
6Mac8i8,4,23,Saudis,Male,Half Million,10,0,0,0,0,1,0,0,0,1,0,1,0,0,1,0,0,1,0,0,1,0,1,1,0,0,1,0,10,10,10,10,2,7,7
qAaVaKL,4,25,Saudis,Female,Half Million,5,0,1,1,0,0,0,0,0,0,1,0,0,0,1,1,0,0,0,0,0,0,0,0,0,0,0,0,5,5,5,5,2,7,5
pFyqRCf,4,24,Saudis,Female,Half Million,7,1,0,1,1,0,0,0,1,1,0,0,1,1,1,0,0,0,1,0,0,0,0,1,1,0,0,0,9,10,10,10,0,5,6
w3DH7gI,4,21,Saudis,Female,Half Million,9,1,0,1,1,1,1,0,0,0,1,0,1,0,1,1,0,0,1,0,1,1,1,1,1,0,1,0,10,3,9,3,1,5,5
Nvm5wfd,4,22,Saudis,Female,Half Million,9,1,1,1,0,1,1,0,1,1,1,1,1,1,1,0,0,1,1,1,1,1,1,0,1,1,1,1,8,9,4,8,1,6,5
B5oMubS,4,21,Saudis,Female,Half Million,9,1,1,1,1,0,1,1,1,1,1,1,1,1,1,1,0,1,1,0,1,1,1,1,1,1,1,1,9,9,8,5,1,6,5
MS5A5Jl,4,25,Palestinian,Male,Half Million,10,1,1,0,1,1,1,0,0,1,1,0,1,1,1,1,0,1,1,0,1,1,1,1,1,1,1,1,8,8,3,7,1,4,4
scRqCFY,4,27,Saudis,Female,Half Million,4,1,0,1,1,1,1,1,1,1,1,1,1,1,1,1,1,1,1,1,1,1,1,1,1,1,1,1,4,3,4,4,0,4,4
4WHFjnG,4,23,Saudis,Female,Half Million,8,0,0,1,0,0,1,0,0,1,1,1,0,0,0,0,1,1,1,0,0,0,0,0,0,1,0,0,8,8,9,5,1,7,6
Zi8EZUc,4,24,Saudis,Female,Half Million,10,1,1,1,0,0,1,1,1,1,1,0,1,1,1,1,0,0,0,1,0,1,0,1,1,0,0,1,10,10,10,8,1,7,7
7Fd8gSB,4,25,Saudis,Female,Half Million,10,0,1,0,1,0,1,0,0,1,0,1,1,0,0,0,1,1,1,0,1,0,0,1,1,0,1,1,6,5,10,1,1,5,2
EVkKfo5,4,25,Saudis,Female,Half Million,10,1,0,0,1,1,1,1,0,1,0,1,1,1,0,0,1,1,0,1,1,1,1,1,0,1,1,1,10,10,10,4,1,3,7
eiALLAC,4,23,Saudis,Male,Half Million,10,1,1,1,1,1,1,1,1,1,1,1,0,1,1,1,1,1,1,1,0,1,1,1,1,1,1,1,9,6,7,4,2,4,3
eD0XmNh,4,24,Saudis,Female,Half Million,10,0,0,0,0,1,0,0,0,0,1,0,0,1,0,0,0,0,1,0,0,1,0,0,1,0,0,0,10,7,8,5,2,4,5
lH3bk6i,4,25,Saudis,Female,Half Million,7,0,0,0,0,0,1,0,0,0,0,0,0,0,0,0,0,0,0,0,0,0,0,0,0,0,0,0,6,6,7,5,2,7,6
M8lu5N8,4,28,Saudis,Male,Half Million,9,1,1,1,0,0,1,0,1,0,1,0,0,1,1,1,0,0,0,0,1,1,1,1,1,0,0,0,8,8,8,7,0,6,6
lPH9Ejp,4,42,Saudis,Male,Half Million,9,0,0,0,0,0,1,0,0,0,0,0,1,0,0,0,1,0,1,0,0,0,0,0,0,0,0,0,7,7,10,3,1,7,6
Cidv7Xa,4,29,Saudis,Male,Half Million,10,1,1,1,1,1,1,1,1,0,1,1,1,1,1,1,0,1,1,1,1,1,1,1,1,1,1,1,10,9,9,2,1,6,7
Fymr4f3,4,25,Saudis,Male,Half Million,0,1,1,1,1,1,1,1,1,1,1,1,1,1,1,1,1,1,1,1,1,1,1,1,1,1,1,1,0,6,5,0,1,6,6
apuVPAP,4,21,Saudis,Female,Half Million,9,1,0,0,0,1,1,0,0,1,1,1,0,0,0,0,0,0,1,0,0,1,0,0,1,1,0,0,9,7,7,4,1,4,5
ZAeuZg6,4,37,Saudis,Female,Half Million,7,0,0,0,0,1,1,0,0,1,0,0,0,0,0,1,1,1,1,1,1,1,1,0,1,1,0,1,6,6,6,10,2,4,4
2Jbjzl7,4,44,Sudanese,Male,Half Million,10,1,1,1,1,1,1,0,1,1,1,1,1,1,0,1,0,1,1,0,1,1,1,1,1,1,1,1,10,10,10,8,2,7,7
O1L70MC,4,30,Saudis,Female,Half Million,9,1,1,1,0,0,1,1,1,1,0,1,0,1,1,1,0,1,1,0,1,0,1,0,1,0,0,0,8,7,7,3,1,6,5
WKimma3,5,26,Saudis,Female,Half Million,9,0,0,0,0,0,1,0,1,1,0,0,1,0,1,0,1,0,0,0,1,0,0,0,0,1,0,1,9,9,9,9,2,7,6
Q64Pqgg,5,34,Saudis,Male,Half Million,10,1,1,1,0,1,1,0,0,1,0,0,1,1,0,0,1,1,0,1,1,1,0,1,1,1,0,0,10,10,10,7,2,5,5
kSsRgQ1,5,23,Saudis,Male,Half Million,10,1,1,1,1,1,1,1,1,1,1,1,1,1,1,1,1,1,0,1,1,1,1,1,1,1,1,1,10,10,10,7,1,7,7
JGHOiz6,5,29,Saudis,Female,Half Million,10,1,0,1,0,1,1,0,1,0,1,0,1,0,1,1,0,1,1,0,1,1,1,1,0,0,1,0,10,9,9,2,1,5,3
FFm26Yr,5,33,Saudis,Male,Half Million,10,1,1,1,1,0,1,1,1,1,1,1,1,1,1,1,1,1,1,0,1,1,1,1,1,1,1,0,9,10,10,3,1,6,7
TVWnCAc,5,23,Saudis,Male,Half Million,10,1,1,1,1,1,1,1,1,1,1,1,1,1,1,1,1,1,1,1,1,1,1,1,1,1,1,1,10,5,6,10,1,6,5
MKtkRV0,5,46,Saudis,Male,Half Million,10,1,1,1,1,1,1,1,1,1,1,1,0,1,1,1,1,1,1,0,1,1,1,0,1,1,1,1,10,10,6,4,0,5,5
2wIpJyB,5,23,Saudis,Female,Half Million,7,0,0,0,0,0,0,0,0,0,0,0,0,0,0,0,0,0,0,0,0,0,0,0,0,0,0,0,9,10,5,0,0,5,6
tC1e86m,5,24,Saudis,Male,Half Million,10,1,1,0,1,1,1,0,1,1,1,1,1,1,1,1,1,1,1,0,1,1,1,1,1,1,1,0,8,10,10,6,0,7,7
gQe0KLX,5,21,Saudis,Female,Half Million,5,1,1,1,1,1,1,1,1,1,1,1,1,1,1,1,1,1,1,1,1,1,1,1,1,1,1,1,5,5,4,10,0,4,4
PxYXl10,5,40,Saudis,Male,Half Million,9,0,1,0,1,0,1,0,1,1,0,1,1,1,0,0,0,0,1,0,1,1,1,1,1,1,0,0,10,10,9,7,1,6,5
PEpHucA,5,40,Saudis,Female,Half Million,10,1,1,1,1,1,1,0,0,1,1,1,1,1,1,1,1,0,1,0,1,1,1,1,1,1,1,0,10,10,10,5,1,7,7
jxDzWAR,5,23,Saudis,Female,Half Million,10,0,1,1,1,1,1,0,0,0,1,1,1,1,1,0,1,1,1,1,1,1,1,1,1,0,1,1,9,9,10,2,1,3,5
d3IOPBu,5,23,Saudis,Female,Half Million,8,1,1,1,1,1,1,1,1,1,1,1,1,1,1,1,0,1,1,1,1,1,1,1,1,1,1,1,10,10,10,10,1,7,7
o8nbUF2,5,53,Philippines,Male,Half Million,10,1,1,1,1,1,1,1,1,1,1,1,1,1,1,1,1,1,1,1,1,1,1,1,1,1,1,1,10,10,10,4,2,4,6
aEzAv1M,5,19,Palestinian,Female,Half Million,9,1,1,1,1,1,1,1,1,1,1,0,1,1,0,1,1,1,1,1,1,1,1,1,1,1,1,1,8,7,7,7,1,5,4
Ua2Nu1p,5,27,Saudis,Female,Half Million,10,1,1,1,1,1,1,1,1,1,1,1,1,1,1,1,1,1,1,1,1,1,1,1,1,1,1,1,3,9,9,10,1,4,7
UUqkzDP,5,47,Philippines,Male,Half Million,10,1,1,1,1,1,1,0,1,1,1,1,1,1,1,1,1,1,1,0,1,1,1,1,1,1,1,0,10,10,10,10,1,6,7
x70CLjD,5,28,Saudis,Male,Half Million,10,1,1,1,1,1,1,1,1,1,1,1,1,1,1,1,1,1,1,1,1,1,1,1,1,1,1,1,10,10,10,2,2,2,7
qTCaRxt,5,32,Saudis,Male,Half Million,10,1,1,1,1,1,1,1,1,1,1,1,1,1,1,1,1,1,1,1,1,1,1,1,1,1,1,1,9,9,9,8,2,6,6
oOHC2XW,5,47,Saudis,Male,Half Million,10,1,1,0,1,1,1,0,0,1,0,0,0,1,1,1,0,0,1,0,1,1,0,0,1,1,1,0,10,9,9,2,1,6,6
il9s4E5,5,24,Saudis,Female,Half Million,8,0,0,0,1,1,1,0,0,1,1,1,1,1,0,0,1,0,0,0,1,1,1,0,1,1,1,1,4,6,7,4,2,3,5
hetLmJj,5,20,Saudis,Female,Half Million,10,1,1,0,1,1,1,0,1,0,0,1,1,0,0,0,1,0,1,0,1,1,0,1,1,1,0,1,8,10,10,0,2,3,7
HoZAIXT,5,43,Saudis,Male,Half Million,10,1,1,1,1,1,1,1,1,0,1,1,1,1,1,1,1,1,1,1,1,1,1,1,1,1,1,1,10,10,10,0,2,7,7
4FLELNM,5,24,Saudis,Male,Half Million,10,1,1,1,1,1,1,1,1,1,1,1,1,1,1,1,1,1,1,1,1,1,1,1,1,1,1,1,10,10,10,0,1,4,5
xAiYm6B,5,29,Saudis,Male,Half Million,5,1,1,0,0,1,0,0,0,0,0,0,0,0,0,0,0,1,1,0,0,0,0,0,0,0,0,0,6,5,5,6,1,5,5
CBbEoUa,5,31,Saudis,Female,Half Million,8,1,1,1,1,1,1,1,0,1,1,0,0,1,1,1,1,0,1,1,1,1,1,0,0,1,1,1,9,5,6,6,0,7,6
MQanYaq,5,33,Saudis,Female,Half Million,9,1,0,0,0,1,1,0,1,1,1,1,0,0,0,0,0,1,0,0,1,1,0,1,0,1,0,0,3,99,6,1,2,2,2
LURQcrL,5,29,Saudis,Female,Half Million,10,1,1,1,1,1,1,1,1,1,1,1,1,1,1,1,1,1,1,1,1,1,1,1,1,1,1,1,10,10,10,10,1,7,7
iLj9Hak,5,28,Saudis,Female,Half Million,10,1,1,0,1,1,1,1,1,1,1,1,0,1,0,1,0,1,1,1,0,1,1,1,1,1,0,1,6,6,7,6,2,5,5
h9Gu3qB,5,35,Saudis,Male,Half Million,10,1,1,1,1,1,1,1,1,1,1,1,1,1,1,1,1,1,1,1,1,1,1,1,1,1,1,0,10,10,10,8,1,4,6
fo3ornX,5,30,Saudis,Male,Half Million,8,1,1,1,1,1,1,1,1,1,1,1,1,1,1,1,1,1,1,1,1,1,1,1,1,1,1,1,7,7,8,9,1,6,6
4BQgEvr,5,35,Saudis,Male,Half Million,9,0,0,0,0,1,0,1,1,0,0,0,1,1,0,0,1,0,0,0,0,0,0,0,0,0,1,0,8,10,8,8,1,6,6
cmA2v3k,5,30,Saudis,Male,Half Million,7,1,1,1,1,1,1,1,1,1,1,1,1,1,1,1,1,1,1,1,1,1,1,1,1,1,1,1,7,8,5,3,1,5,5
sGwnjMU,5,19,Saudis,Female,Half Million,10,1,1,0,1,1,1,1,1,1,1,1,1,1,1,1,0,1,1,1,1,1,1,1,1,1,1,0,9,9,6,99,1,6,5
hpMaM5K,5,27,Saudis,Male,Half Million,10,1,1,1,1,1,1,1,1,1,1,1,1,1,1,1,1,1,1,1,1,1,1,1,1,1,1,1,10,10,10,8,2,7,7
YUqNME0,5,20,Saudis,Female,Half Million,10,1,1,1,1,0,1,1,1,1,1,1,1,1,1,1,1,1,1,1,1,1,1,1,1,1,1,1,10,10,10,0,1,7,7
L4nnnEH,5,30,Saudis,Female,Half Million,10,1,1,1,1,1,1,1,1,1,1,1,1,1,1,1,1,1,1,1,1,1,1,1,1,1,1,1,9,10,10,1,2,7,7
OKe9qSn,5,27,Saudis,Female,Half Million,10,1,1,1,1,0,1,1,0,0,1,1,1,1,1,1,0,0,1,1,1,1,1,1,1,1,0,0,10,10,10,10,2,6,6
mTD4Enu,5,28,Saudis,Male,Half Million,10,0,0,0,0,0,0,0,1,0,0,0,0,0,0,1,0,0,0,0,0,0,0,0,1,0,0,0,6,6,8,10,2,3,7
iEdydvN,5,33,Saudis,Male,Half Million,9,0,0,0,0,0,1,0,0,1,0,0,0,1,1,1,0,0,1,0,0,1,1,1,1,0,1,0,8,9,8,8,1,7,4
3nR7hqE,5,29,Saudis,Female,Half Million,10,1,1,0,1,1,1,1,1,0,1,0,0,1,1,1,1,1,1,0,1,0,1,0,1,1,1,1,10,9,10,8,1,7,7
ZUtXWRi,5,34,Saudis,Male,Half Million,10,0,1,1,1,1,1,1,1,1,1,1,1,1,1,1,1,1,1,1,1,1,1,1,1,1,1,1,8,4,10,0,0,6,5
RUrZaoj,5,34,Saudis,Male,Half Million,10,1,1,1,1,1,1,1,1,1,1,1,1,1,1,1,1,1,1,1,1,1,1,1,1,1,1,1,10,10,10,10,1,7,1
bwfOgaB,5,28,Saudis,Male,Half Million,8,1,1,1,1,1,1,1,1,1,1,1,1,1,1,1,1,1,1,1,1,1,1,1,1,1,1,1,10,10,10,10,2,7,7
ituqdHD,5,37,Saudis,Female,Half Million,5,0,0,0,0,0,0,0,0,0,0,0,0,0,0,0,0,0,0,0,0,0,0,0,0,0,0,0,5,5,5,5,9,4,4
fWLIK5N,5,44,Saudis,Female,Half Million,7,0,0,1,0,1,1,0,1,0,0,1,0,1,0,1,1,1,1,0,0,0,1,1,1,0,1,0,9,10,9,9,2,6,6
RKjr47z,5,20,Saudis,Female,Half Million,8,0,1,0,0,1,0,0,1,1,0,0,0,0,1,0,0,0,1,0,0,0,0,1,0,0,0,0,9,8,7,8,1,5,4
u0k9Kp2,5,42,Saudis,Female,Half Million,9,1,0,1,1,0,1,1,0,0,1,1,1,0,0,0,0,0,1,0,0,0,0,1,0,1,0,0,9,8,9,3,1,7,5
393Mzew,5,44,Saudis,Male,Half Million,10,1,0,1,0,1,1,1,0,1,1,1,1,1,1,1,0,0,1,0,1,1,1,1,1,1,1,0,9,9,9,8,1,5,6
TsxxdQ1,5,55,Syrian,Female,Half Million,10,0,1,0,1,1,1,0,1,0,0,1,0,0,0,0,1,0,0,0,0,1,0,1,0,0,1,0,9,9,9,9,1,6,6
3V3QfHx,5,38,Saudis,Female,Half Million,10,1,1,0,1,1,1,1,1,1,1,1,1,1,1,1,1,1,1,1,1,1,1,1,1,0,1,1,10,10,10,8,1,7,7
wkwP28y,5,32,Saudis,Male,Half Million,3,0,0,0,1,0,1,0,1,1,0,0,0,0,1,1,0,0,0,0,0,0,1,0,0,0,0,0,7,9,4,6,0,6,6
CajD1AT,5,20,Saudis,Female,Half Million,6,1,0,0,1,1,1,0,0,1,1,1,1,1,1,0,1,1,0,0,1,1,1,0,1,1,1,0,6,5,6,5,1,5,4
jDr7e7U,5,50,Saudis,Female,Half Million,10,1,1,1,1,1,1,1,1,0,1,1,1,1,1,1,0,1,1,1,1,1,0,1,1,1,1,0,10,10,10,10,2,7,7
HxsNZYB,5,25,Saudis,Female,Half Million,10,1,1,1,1,0,1,1,1,1,1,1,1,1,1,1,1,1,1,1,1,1,1,1,1,1,1,0,10,10,9,5,1,5,4
CBx36IG,5,38,Saudis,Female,Half Million,10,1,1,1,1,1,1,1,1,1,1,1,1,1,1,1,1,1,1,1,1,1,1,1,1,1,1,1,10,10,10,6,2,7,7
XwrnDSF,5,29,Saudis,Female,Half Million,10,0,1,1,0,0,0,1,1,1,0,0,1,0,1,1,1,1,1,0,1,1,1,1,1,1,0,0,9,10,10,7,0,5,4
eKy1ohl,5,25,Saudis,Male,Half Million,10,1,1,1,1,1,1,1,1,1,1,1,1,1,1,1,1,1,1,1,1,1,1,1,1,1,1,1,10,10,10,9,1,7,7
lzVLs0X,5,43,Saudis,Male,Half Million,10,1,1,1,1,1,1,1,0,0,1,1,1,1,1,1,1,1,1,1,1,1,1,1,1,1,1,1,10,10,10,0,1,2,7
WR5UfpS,5,48,Saudis,Female,Half Million,9,1,1,1,1,1,1,1,1,1,1,1,1,1,1,1,1,1,1,1,1,1,1,1,1,1,1,1,8,9,8,7,1,7,6
rFJ9w8y,5,24,Saudis,Female,Half Million,8,1,1,1,1,1,1,1,1,1,1,1,0,1,1,1,1,1,1,1,1,1,1,1,1,1,1,1,9,9,8,6,0,5,6
Dg9iSn9,5,26,Saudis,Female,Half Million,3,1,1,1,1,1,1,1,1,1,1,1,1,1,1,1,1,1,1,1,1,1,1,1,1,1,1,1,3,9,8,9,1,5,4
767tuG3,5,21,Saudis,Female,Half Million,5,0,1,0,0,1,1,0,0,0,1,0,0,0,1,1,0,1,1,0,0,1,1,0,1,0,0,1,8,5,8,0,1,4,3
qFYf3TZ,5,34,Saudis,Female,Half Million,10,1,1,1,1,1,1,1,1,1,1,1,1,1,1,1,1,1,1,1,1,1,1,1,1,1,1,1,9,10,8,8,1,6,5
pfOLDYX,5,30,Saudis,Female,Half Million,10,1,1,1,1,1,1,1,1,1,1,1,1,1,1,1,1,1,1,1,1,1,1,1,1,1,1,1,10,10,10,10,1,7,7
Mq9nacB,5,24,Egyptian,Male,Half Million,10,1,1,1,1,1,0,1,0,1,1,1,0,1,1,1,1,1,1,1,1,1,1,1,1,1,1,0,10,3,2,8,2,3,3
lZmlRPx,5,33,Saudis,Female,Half Million,5,1,1,1,1,0,0,0,0,1,0,1,0,1,1,1,1,1,0,0,1,1,0,1,0,1,1,1,4,4,4,4,1,6,6
ivuvSLr,5,29,Saudis,Female,Half Million,10,1,1,1,1,1,1,1,1,1,1,1,1,1,1,1,1,1,1,1,1,1,1,1,1,1,1,1,10,9,9,10,1,7,7
F7lQiRC,5,18,Saudis,Male,Half Million,6,0,0,0,0,0,0,0,0,0,0,0,0,0,0,0,0,0,0,0,0,0,0,0,0,0,0,0,6,6,6,1,1,4,4
WJVDrIZ,5,25,Saudis,Male,Half Million,10,1,1,0,0,1,1,0,1,0,1,1,0,0,1,0,0,0,0,0,1,1,0,0,1,0,1,1,10,10,10,3,2,5,7
NQTcSRg,5,25,"Westerners (European, American)",Male,Half Million,10,1,1,0,1,1,0,1,1,0,1,0,0,0,0,1,0,1,0,0,0,1,0,0,1,1,1,0,10,10,5,6,1,6,6
t7tVFoi,5,24,Saudis,Female,Half Million,9,0,0,0,0,0,0,0,0,0,0,0,0,0,0,0,0,0,0,0,0,0,0,0,0,0,0,0,10,10,9,10,2,3,2
9PpkJJt,5,35,Saudis,Female,Half Million,10,1,1,1,1,1,1,1,1,1,1,1,1,1,1,1,1,1,1,1,1,1,1,1,1,1,1,1,10,10,10,10,2,5,6
s7NSUDJ,5,30,Saudis,Male,Half Million,6,1,1,1,1,0,1,1,1,1,1,1,1,1,0,1,1,1,1,1,1,1,1,1,1,1,1,0,9,7,7,7,2,6,5
nXtV6T7,5,42,Saudis,Male,Half Million,10,1,1,1,1,0,1,1,0,1,1,1,0,1,1,0,1,1,1,0,1,1,0,1,1,1,1,1,10,10,10,0,1,4,7
601Ng0D,5,38,Saudis,Female,Half Million,10,0,0,0,0,0,0,0,0,1,0,0,1,1,0,0,0,0,0,0,1,0,0,0,0,0,0,0,10,10,10,0,1,4,4
Z3wwrBF,5,50,Saudis,Male,Half Million,10,1,1,1,1,1,1,1,1,1,1,1,1,1,1,1,1,1,1,1,1,1,1,1,1,1,1,1,10,10,10,0,1,5,6
Eoe88Fg,5,30,Saudis,Female,Half Million,10,1,1,1,1,1,1,1,1,1,1,1,1,1,1,1,1,1,1,1,1,1,1,1,1,1,1,1,10,10,10,5,2,6,7
UNL4RR0,5,34,Sudanese,Male,Half Million,8,0,1,1,0,1,1,0,0,0,0,1,0,0,1,1,0,0,1,0,0,1,1,0,0,1,0,0,7,6,7,0,2,2,3
JRB1XQA,5,28,Saudis,Female,Half Million,10,1,1,1,1,1,1,1,1,1,1,1,1,0,1,1,0,1,1,1,1,1,0,1,1,1,1,1,10,10,7,10,2,7,3
ucUlt7x,5,24,Saudis,Female,Half Million,10,0,0,0,0,1,0,0,1,1,1,0,0,1,1,0,0,0,1,0,0,0,1,0,1,0,0,1,10,8,10,6,1,7,5
PMLjfQA,5,36,Saudis,Female,Half Million,10,1,1,0,0,1,1,0,1,0,0,1,0,1,0,1,0,1,1,0,1,1,1,1,0,1,0,1,8,9,8,4,1,6,5
4nrbUA4,5,33,Saudis,Male,Half Million,7,1,1,1,1,1,1,1,1,1,0,1,0,0,1,1,1,1,1,1,1,0,1,1,1,0,1,1,8,9,8,5,1,5,4
vJpfhEu,5,40,Saudis,Female,Half Million,10,1,1,1,1,1,1,1,1,1,1,1,1,1,1,1,1,1,1,1,1,1,1,1,1,1,1,1,10,10,10,8,1,6,6
lN5SCnh,5,27,Saudis,Female,Half Million,9,1,1,1,1,1,1,1,1,1,1,1,1,1,1,1,1,1,1,1,1,1,1,1,1,1,1,1,8,9,8,8,1,3,5
X8MRX5W,5,27,Saudis,Female,Half Million,3,1,1,1,1,1,1,1,1,1,1,1,1,1,1,1,1,1,1,1,1,1,1,0,1,1,1,1,6,3,3,1,1,5,4
oZBhN5W,5,28,Saudis,Female,Half Million,6,0,0,0,0,0,0,0,0,0,0,0,0,0,0,0,0,0,0,0,0,0,0,0,1,0,0,0,5,5,6,4,0,4,6
CLsaYOC,5,27,Saudis,Female,Half Million,10,1,1,0,1,1,1,1,1,1,1,1,1,1,1,1,1,1,1,1,1,1,1,1,1,1,1,1,10,10,10,0,2,5,1
2vafhfy,5,24,Saudis,Female,Half Million,9,1,1,1,1,1,0,0,1,1,1,0,0,1,1,1,1,1,1,0,1,1,1,0,1,1,0,0,0,3,1,1,0,4,3
mEthtTs,5,42,Saudis,Male,Half Million,10,0,0,1,0,0,1,1,0,0,1,0,0,0,0,0,0,0,1,1,0,0,0,0,0,0,0,0,9,9,8,9,1,6,4
mvLyupS,5,32,Saudis,Female,Half Million,2,0,0,0,0,0,0,0,0,0,0,0,0,0,0,0,0,0,0,0,0,0,0,0,0,0,0,0,1,10,10,10,1,7,7
nJXHM73,5,43,Palestinian,Male,Half Million,10,1,1,0,1,1,1,1,1,1,1,1,1,1,1,1,1,1,1,1,1,1,1,1,1,1,1,1,10,10,10,8,1,7,7
XzTNVDv,5,27,Saudis,Female,Half Million,9,1,0,0,1,1,0,0,0,1,1,1,1,1,0,1,1,0,0,1,1,0,1,1,0,1,1,1,10,9,10,9,2,3,4
B9YvqOL,5,24,Saudis,Female,Half Million,9,1,1,1,0,0,1,0,1,1,1,1,0,1,0,1,0,0,1,0,0,1,0,1,1,0,1,0,10,6,7,0,1,4,7
Ho6lTl4,5,45,Saudis,Female,Half Million,10,1,1,1,1,1,1,1,1,1,1,1,1,1,1,1,0,1,1,0,1,1,1,1,1,1,1,1,10,10,10,6,1,6,6
sl1cdPj,5,34,Saudis,Female,Half Million,10,1,1,1,1,1,1,1,1,1,1,1,1,1,1,1,1,1,1,1,1,1,1,1,1,1,1,1,9,10,9,1,2,6,6
4ZFu2nl,5,43,Saudis,Male,Half Million,6,0,0,0,1,1,0,0,0,0,1,0,0,0,0,0,0,0,0,0,0,0,0,0,1,0,0,0,9,8,9,4,0,5,4
RxbtouQ,5,37,Saudis,Male,Half Million,10,1,1,1,1,1,1,1,1,1,1,1,1,1,1,1,1,1,1,1,1,1,1,1,1,1,1,1,10,10,10,10,0,7,6
2yHtNge,5,36,Saudis,Male,Half Million,9,1,1,1,1,1,1,1,1,1,1,1,1,1,1,1,1,1,1,1,1,1,1,1,1,1,1,1,8,7,8,10,1,5,3
9wUvKQp,5,38,Saudis,Female,Half Million,10,1,0,0,0,0,1,1,0,0,1,1,1,0,1,0,1,1,1,0,1,0,0,0,1,0,0,0,10,10,10,4,1,7,7
paOZYmV,5,40,Saudis,Female,Half Million,10,1,1,1,1,1,1,1,1,1,1,1,1,1,1,1,1,1,1,1,1,1,1,1,1,1,1,1,10,9,5,9,1,5,5
45bU8nf,5,36,Saudis,Female,Half Million,8,1,1,1,0,1,1,1,1,0,1,1,0,1,1,1,0,1,1,0,1,0,0,0,0,1,0,0,9,8,7,9,1,6,6
laZ8Uzt,5,31,Saudis,Female,Half Million,8,1,1,1,1,1,1,1,1,1,1,1,1,1,1,1,1,1,1,1,1,1,1,1,1,1,1,1,6,4,4,10,2,6,7
jdflj76,5,32,Saudis,Male,Half Million,5,1,1,1,1,0,0,0,0,0,1,1,0,0,0,1,0,1,0,0,0,0,1,0,0,1,1,0,6,5,4,6,9,2,3
W3M0t2d,5,33,Saudis,Male,Half Million,6,0,0,0,0,0,0,0,0,0,0,0,0,1,0,0,0,0,0,0,1,0,0,0,0,0,0,0,5,2,3,4,1,5,4
VP9feK1,5,28,Saudis,Male,Half Million,4,1,1,0,1,1,0,1,0,1,0,1,0,0,1,0,1,0,0,0,0,0,1,1,1,0,0,1,3,3,10,10,2,5,5
1P6Db2q,5,30,Saudis,Male,Half Million,9,1,1,1,0,1,1,1,0,1,1,1,1,1,1,1,1,1,1,0,1,1,1,1,1,1,1,1,10,9,10,4,9,5,3
FK8usj3,5,39,Sudanese,Male,Half Million,10,0,1,1,1,1,1,1,1,1,1,1,1,1,1,1,1,1,1,0,1,1,1,1,1,1,1,1,10,9,10,9,1,6,6
TBOMe2n,5,37,Saudis,Male,Half Million,10,1,1,1,1,1,1,1,1,1,1,1,1,1,1,1,1,1,1,1,1,1,1,1,1,1,1,1,7,9,10,8,1,7,7
GKFXqem,5,29,Saudis,Male,Half Million,5,0,0,0,0,1,0,0,1,1,1,1,1,0,1,0,0,1,1,1,1,1,0,0,0,1,1,1,6,5,8,4,1,5,5
hdVMwgi,5,31,Saudis,Male,Half Million,7,1,1,1,0,0,1,0,1,1,1,0,1,1,1,1,0,1,1,0,1,0,1,1,0,1,1,0,8,7,7,6,1,5,4
nDYYapG,5,35,Saudis,Female,Half Million,9,1,1,1,1,0,1,1,1,1,1,1,0,0,1,1,1,1,1,1,1,1,0,0,1,1,1,0,9,10,10,9,0,7,7
6zwLiex,5,28,Saudis,Female,Half Million,10,1,0,0,1,1,1,0,0,0,0,0,0,1,0,0,1,0,0,1,0,0,0,1,0,1,0,1,10,10,10,8,1,7,6
qRukAeg,5,31,Saudis,Female,Half Million,7,1,1,1,1,1,1,1,1,1,1,1,1,1,1,1,1,1,1,1,1,1,1,1,1,1,1,1,8,10,9,10,2,6,7
rIgaxlo,5,27,Saudis,Male,Half Million,10,1,1,1,1,1,1,1,1,1,1,1,1,1,1,1,1,1,1,1,1,1,1,1,1,1,1,1,6,7,6,2,1,5,2
Ekt0bD1,5,24,Saudis,Male,Half Million,10,1,1,1,1,1,1,1,1,1,1,1,1,1,1,1,1,1,1,1,1,1,1,1,1,1,1,1,10,10,9,1,1,2,6
BAf6Lr2,5,24,Saudis,Male,Half Million,9,1,1,1,1,1,1,1,1,1,1,1,1,1,1,1,1,1,1,1,1,1,1,1,1,1,1,1,10,9,10,5,1,6,6
6LqlIKT,5,30,Saudis,Male,Half Million,10,0,1,0,1,0,1,1,1,0,1,1,1,1,1,1,1,1,1,0,1,1,1,0,1,0,0,0,10,10,9,2,1,7,7
C8vuLVS,5,23,Saudis,Female,Half Million,8,1,1,1,1,1,1,1,1,1,1,1,1,1,0,1,1,1,1,1,1,0,1,1,1,0,1,1,5,8,6,5,0,4,5
hUoWQEP,5,26,Saudis,Male,Half Million,10,1,1,1,1,1,1,1,1,1,1,1,1,1,1,1,1,1,1,1,1,1,1,1,1,1,1,1,10,8,10,4,1,7,7
tHyuTUD,5,21,Saudis,Male,Half Million,10,1,1,1,1,1,1,1,1,1,1,1,1,0,1,1,1,1,1,1,1,1,1,1,1,1,1,1,10,10,10,6,1,7,7
lKxrAmi,5,22,Saudis,Female,Half Million,6,0,0,1,1,0,1,1,0,1,0,0,0,1,0,0,0,1,0,0,1,1,0,1,1,0,1,1,5,5,5,4,2,2,5
kfcQjBT,5,29,Saudis,Male,Half Million,10,1,1,1,1,1,1,1,1,1,1,1,1,1,1,1,1,1,1,0,1,1,1,1,1,1,1,0,9,9,8,3,1,5,3
gCKiScK,5,28,Saudis,Male,Half Million,6,0,1,0,1,0,0,1,1,1,0,0,0,1,1,1,0,1,1,0,0,1,0,0,0,1,1,1,7,6,5,9,0,5,5
psh87cs,5,28,Saudis,Male,Half Million,10,1,1,1,1,1,1,1,1,1,1,1,1,1,1,1,1,1,1,1,1,1,1,1,1,1,1,0,10,9,10,2,1,6,6
lcGmUOY,5,23,Saudis,Male,Half Million,10,1,1,1,1,1,1,1,1,1,1,1,1,1,1,1,1,1,1,1,1,1,1,1,1,1,1,1,8,9,10,10,2,6,6
avgTkBF,5,30,Egyptian,Female,Half Million,10,1,1,1,1,0,1,0,1,0,1,1,1,1,0,0,0,0,1,1,1,1,1,1,1,1,0,1,10,10,10,2,1,6,5
n9EFXmg,5,21,Saudis,Male,Half Million,0,1,1,1,0,1,1,1,1,1,1,1,1,1,1,1,1,1,1,0,1,1,1,1,1,1,1,1,0,6,0,3,2,1,4
wFz68FI,5,34,Saudis,Male,Half Million,9,1,0,0,0,1,0,0,0,0,1,1,0,0,1,1,0,0,1,0,1,1,0,1,1,1,0,0,8,8,10,1,1,2,3
GyCV22W,5,43,Saudis,Female,Half Million,99,1,1,1,1,1,1,1,0,1,1,1,1,1,1,1,0,1,1,1,1,1,1,1,1,1,1,1,9,10,99,0,1,5,5
XCvLnW9,5,34,Philippines,Female,Half Million,9,0,0,0,0,0,0,0,0,0,0,0,0,0,0,0,0,0,0,0,0,0,0,0,0,0,0,0,9,10,9,7,1,6,6
bTJECGo,5,26,Saudis,Female,Half Million,10,0,0,1,0,1,1,1,1,1,1,1,1,0,0,0,0,0,0,0,1,0,0,0,0,0,1,1,10,5,5,0,1,2,3
byZljPN,5,25,Saudis,Male,Half Million,3,0,0,0,0,0,1,0,0,0,0,0,0,0,0,0,0,0,0,0,0,1,0,0,1,1,0,0,10,9,5,5,1,6,6
XkAu3sV,5,27,Saudis,Female,Half Million,5,0,0,0,0,0,0,0,0,0,0,0,0,0,0,0,0,0,0,0,0,0,0,0,0,0,0,0,8,5,5,1,1,4,4
ML5dyqu,5,28,Saudis,Male,Half Million,1,1,1,1,1,0,1,1,1,1,1,1,1,1,1,1,1,1,1,1,1,1,1,1,1,1,1,1,10,10,10,0,1,7,7
PiCc6tn,5,28,Saudis,Male,Half Million,10,1,1,1,1,1,1,1,1,1,1,1,1,1,1,1,1,1,1,1,1,1,1,1,1,1,1,1,10,10,4,5,0,5,5
h7VQVWF,5,29,Saudis,Female,Half Million,10,1,1,1,1,1,1,1,1,1,1,1,1,1,1,1,1,1,1,1,1,1,1,1,1,1,1,1,10,10,10,8,2,4,4
xQ2eVv4,5,25,Saudis,Male,Half Million,10,1,1,1,1,0,1,0,0,1,1,1,0,1,1,1,0,0,1,0,1,1,0,0,0,1,0,0,10,10,9,8,1,5,5
ZoytwD4,5,27,Saudis,Female,Half Million,10,1,1,1,1,1,1,1,1,1,1,1,1,1,1,1,1,1,1,1,1,1,1,1,1,1,1,1,10,10,10,8,2,7,7
TzCRWc8,5,24,Saudis,Male,Half Million,10,1,1,1,1,1,1,1,1,1,1,1,1,1,1,1,1,1,1,1,1,1,1,1,1,1,1,1,10,10,10,7,1,7,7
7P5A0kD,5,34,Egyptian,Male,Half Million,10,1,1,1,1,1,1,1,0,1,1,1,1,1,1,1,1,1,1,1,1,1,1,1,1,1,1,0,10,9,10,6,1,4,6
